document_id,claimant_id,upload_time,file_type,file_size_kb,document_type,ocr_text,duplicate_group_id,document_similarity_score,document_similarity_flag
DOC-00179,CLM-00124,2025-12-08 21:26:58,DOCX,3484,id_document,NATIONAL IDENTITY DOCUMENT. Full Name: Michelle Harmon. ID Number: 276-71-9604. Date of Birth: 1996-08-27. Nationality: Namibian. Issued by Ministry of Home Affairs. Address updated on 2026-09-04. Customer contacted via telephone for confirmation. Handled by branch office during standard working hours.,,0.673,LOW
DOC-00146,CLM-00093,2025-11-28 21:26:58,JPG,712,kyc_update,"KYC UPDATE FORM. Customer: Denise Jacobs. Previous Address: 7275 Adam Streets, Deborahport, NJ 38489. New Address: Unit 9297 Box 5170, DPO AE 89368. Reason for change: relocation. Verified by staff member on 2026-01-06. Case referenced against prior claim history for context.",,0.569,LOW
DOC-00032,CLM-00134,2026-01-19 21:26:58,PNG,3322,bank_statement,"BANK STATEMENT EXTRACT. Account Holder: Derek Zuniga. Statement period: 2026-01-01 to 2026-08-27. Closing balance: N$ 41,680. Branch: North Emilyfurt.",DUPGRP-012,0.875,MEDIUM
DOC-00029,CLM-00125,2026-06-23 21:26:58,PDF,2649,medical_report,"MEDICAL ASSESSMENT REPORT. Patient: Carol Tucker. Injury sustained during incident on 2026-01-08. Attending physician: Dr. Velasquez. Recommended treatment plan attached. Estimated cost: N$ 76,414.",DUPGRP-011,0.936,HIGH
DOC-00141,CLM-00116,2026-09-16 21:26:58,DOCX,3679,claim_form,"INSURANCE CLAIM FORM. Claimant: Diana May. Policy Number: POL-950360. Date of Incident: 2026-03-13. Description: Vehicle damage sustained in a collision on Brown Mews. Estimated repair cost: N$ 11,553. Signed: Diana May. Supporting documents received by email attachment. Handled by branch office during standard working hours. Case referenced against prior claim history for context.",,0.616,LOW
DOC-00052,CLM-00127,2026-01-09 21:26:58,JPG,4323,medical_report,"MEDICAL ASSESSMENT REPORT. Patient: Michelle Evans. Injury sustained during incident on 2025-12-03. Attending physician: Dr. Fisher. Recommended treatment plan attached. Estimated cost: N$ 1,226. Additional photographic evidence submitted separately.",,0.778,MEDIUM
DOC-00047,CLM-00032,2026-06-29 21:26:58,JPG,1651,investigation_note,INVESTIGATION NOTE. Case relates to claimant James Ferrell. Flagged for review due to unusual document upload pattern following identity change on 2026-06-05. Staff override recorded by Kristin Mendoza. Additional photographic evidence submitted separately. Client requested expedited processing due to urgency.,,0.799,MEDIUM
DOC-00043,CLM-00118,2026-02-08 21:26:58,PDF,2366,kyc_update,"KYC UPDATE FORM. Customer: Ashley Waller. Previous Address: 122 Morris Gateway Apt. 463, Molinamouth, ME 76845. New Address: 5301 Parker Lodge, Hannahport, MN 81061. Reason for change: relocation. Verified by staff member on 2026-01-13. Case referenced against prior claim history for context. Additional photographic evidence submitted separately. Form completed in person at the regional service counter.",,0.358,LOW
DOC-00208,CLM-00121,2026-06-16 21:26:58,PNG,719,bank_statement,"BANK STATEMENT EXTRACT. Account Holder: Larry Dixon. Statement period: 2026-08-25 to 2026-01-08. Closing balance: N$ 32,935. Branch: New Jamie. Follow-up scheduled with the claims handler within 5 working days. Customer contacted via telephone for confirmation. No prior claims recorded against this policy in the last 3 years.",,0.553,LOW
DOC-00110,CLM-00036,2026-06-21 21:26:58,JPG,3263,claim_form,"INSURANCE CLAIM FORM. Claimant: Jeffrey Chavez. Policy Number: POL-139019. Date of Incident: 2026-02-21. Description: Vehicle damage sustained in a collision on Levi Point. Estimated repair cost: N$ 15,720. Signed: Jeffrey Chavez. Case referenced against prior claim history for context.",,0.645,LOW
DOC-00160,CLM-00012,2025-11-27 21:26:58,PDF,3829,kyc_update,"KYC UPDATE FORM. Customer: Jamie Arnold. Previous Address: 272 Richard Road, Leeland, DE 21187. New Address: 657 Russo Dale, Glennshire, GU 43437. Reason for change: relocation. Verified by staff member on 2026-03-11. No prior claims recorded against this policy in the last 3 years. Follow-up scheduled with the claims handler within 5 working days. Supporting documents received by email attachment.",,0.422,LOW
DOC-00111,CLM-00117,2026-05-27 21:26:58,DOCX,2371,kyc_update,"KYC UPDATE FORM. Customer: William Herrera. Previous Address: 5118 Bradley Curve Apt. 031, Leeton, OK 84616. New Address: 994 Michael Rest Apt. 037, South Laurieton, MN 73641. Reason for change: relocation. Verified by staff member on 2026-09-10. Supporting documents received by email attachment. Additional photographic evidence submitted separately. Customer contacted via telephone for confirmation.",,0.504,LOW
DOC-00027,CLM-00119,2025-10-14 21:26:58,PDF,844,bank_statement,"BANK STATEMENT EXTRACT. Account Holder: Garrett Lin. Statement period: 2026-05-03 to 2026-06-27. Closing balance: N$ 13,333. Branch: Michellemouth.",DUPGRP-010,0.886,MEDIUM
DOC-00219,CLM-00057,2025-10-13 21:26:58,PNG,3202,medical_report,"MEDICAL ASSESSMENT REPORT. Patient: Timothy Duncan. Injury sustained during incident on 2026-02-06. Attending physician: Dr. Whitney. Recommended treatment plan attached. Estimated cost: N$ 73,470. Supporting documents received by email attachment. Additional photographic evidence submitted separately. No prior claims recorded against this policy in the last 3 years.",,0.62,LOW
DOC-00191,CLM-00014,2026-09-02 21:26:58,JPG,338,bank_statement,"BANK STATEMENT EXTRACT. Account Holder: Michele Williams. Statement period: 2025-12-15 to 2026-06-14. Closing balance: N$ 82,947. Branch: North Rhonda. Follow-up scheduled with the claims handler within 5 working days. Additional photographic evidence submitted separately. Supporting documents received by email attachment.",,0.531,LOW
DOC-00122,CLM-00096,2026-04-28 21:26:58,PDF,3132,id_document,NATIONAL IDENTITY DOCUMENT. Full Name: Anna Henderson. ID Number: 244-28-9648. Date of Birth: 1995-08-05. Nationality: Namibian. Issued by Ministry of Home Affairs. Address updated on 2026-05-19. Customer contacted via telephone for confirmation.,,0.702,MEDIUM
DOC-00104,CLM-00074,2026-01-25 21:26:58,JPG,875,id_document,NATIONAL IDENTITY DOCUMENT. Full Name: Lauren Daniels. ID Number: 221-33-7808. Date of Birth: 2007-10-22. Nationality: Namibian. Issued by Ministry of Home Affairs. Address updated on 2026-03-18. Follow-up scheduled with the claims handler within 5 working days.,,0.666,LOW
DOC-00217,CLM-00115,2026-01-16 21:26:58,JPG,542,bank_statement,"BANK STATEMENT EXTRACT. Account Holder: Garrett Lin. Statement period: 2026-09-14 to 2025-10-13. Closing balance: N$ 32,577. Branch: Jasonfurt. Handled by branch office during standard working hours. Additional photographic evidence submitted separately. No prior claims recorded against this policy in the last 3 years.",,0.544,LOW
DOC-00209,CLM-00029,2026-03-05 21:26:58,DOCX,1032,claim_form,"INSURANCE CLAIM FORM. Claimant: Zachary Hicks. Policy Number: POL-969032. Date of Incident: 2026-06-26. Description: Vehicle damage sustained in a collision on Christopher Crossing. Estimated repair cost: N$ 26,997. Signed: Zachary Hicks. Witness statement attached as a separate document. Supporting documents received by email attachment. Follow-up scheduled with the claims handler within 5 working days.",,0.661,LOW
DOC-00140,CLM-00011,2026-06-02 21:26:58,JPG,586,medical_report,"MEDICAL ASSESSMENT REPORT. Patient: Monica Herrera. Injury sustained during incident on 2026-07-08. Attending physician: Dr. Nguyen. Recommended treatment plan attached. Estimated cost: N$ 25,172. Follow-up scheduled with the claims handler within 5 working days. No prior claims recorded against this policy in the last 3 years.",,0.748,MEDIUM
DOC-00090,CLM-00024,2026-06-06 21:26:58,PNG,3483,id_document,NATIONAL IDENTITY DOCUMENT. Full Name: Tommy Walter. ID Number: 370-38-3580. Date of Birth: 2001-12-07. Nationality: Namibian. Issued by Ministry of Home Affairs. Address updated on 2025-11-16. Supporting documents received by email attachment. No prior claims recorded against this policy in the last 3 years. Client requested expedited processing due to urgency.,,0.605,LOW
DOC-00177,CLM-00024,2026-08-22 21:26:58,PNG,417,bank_statement,"BANK STATEMENT EXTRACT. Account Holder: Tommy Walter. Statement period: 2025-12-14 to 2026-07-19. Closing balance: N$ 76,606. Branch: South Michelletown. Supporting documents received by email attachment.",,0.651,LOW
DOC-00061,CLM-00117,2025-09-28 21:26:58,PDF,2946,kyc_update,"KYC UPDATE FORM. Customer: William Herrera. Previous Address: 361 Aaron Neck Apt. 293, Smithmouth, GU 16307. New Address: Unit 6271 Box 3611, DPO AE 41572. Reason for change: relocation. Verified by staff member on 2026-04-01. Customer contacted via telephone for confirmation. No prior claims recorded against this policy in the last 3 years.",,0.685,LOW
DOC-00215,CLM-00077,2026-05-12 21:26:58,PNG,1350,medical_report,"MEDICAL ASSESSMENT REPORT. Patient: Angela Lopez. Injury sustained during incident on 2026-06-24. Attending physician: Dr. Young. Recommended treatment plan attached. Estimated cost: N$ 70,221. Case referenced against prior claim history for context. Follow-up scheduled with the claims handler within 5 working days.",,0.697,LOW
DOC-00195,CLM-00077,2026-03-16 21:26:58,PNG,2437,id_document,NATIONAL IDENTITY DOCUMENT. Full Name: Angela Lopez. ID Number: 245-26-1498. Date of Birth: 1951-10-22. Nationality: Namibian. Issued by Ministry of Home Affairs. Address updated on 2026-02-13. No prior claims recorded against this policy in the last 3 years. Form completed in person at the regional service counter. Follow-up scheduled with the claims handler within 5 working days.,,0.509,LOW
DOC-00033,CLM-00118,2026-07-04 21:26:58,PDF,680,investigation_note,INVESTIGATION NOTE. Case relates to claimant Angela Lopez. Flagged for review due to unusual document upload pattern following identity change on 2026-02-27. Staff override recorded by Micheal Osborn.,DUPGRP-013,0.913,HIGH
DOC-00084,CLM-00065,2025-12-17 21:26:58,DOCX,4331,claim_form,"INSURANCE CLAIM FORM. Claimant: Jessica Callahan. Policy Number: POL-195763. Date of Incident: 2026-01-14. Description: Vehicle damage sustained in a collision on Jose Island. Estimated repair cost: N$ 75,892. Signed: Jessica Callahan. Handled by branch office during standard working hours. Client requested expedited processing due to urgency. Follow-up scheduled with the claims handler within 5 working days.",,0.66,LOW
DOC-00200,CLM-00123,2026-06-19 21:26:58,PDF,1514,investigation_note,INVESTIGATION NOTE. Case relates to claimant April Frost. Flagged for review due to unusual document upload pattern following identity change on 2026-02-13. Staff override recorded by Tammy Booth. Handled by branch office during standard working hours. Customer contacted via telephone for confirmation. Case referenced against prior claim history for context.,,0.739,MEDIUM
DOC-00139,CLM-00119,2026-07-30 21:26:58,DOCX,3870,medical_report,"MEDICAL ASSESSMENT REPORT. Patient: Victor Baker. Injury sustained during incident on 2025-10-18. Attending physician: Dr. Lee. Recommended treatment plan attached. Estimated cost: N$ 38,127. Customer contacted via telephone for confirmation.",,0.795,MEDIUM
DOC-00125,CLM-00095,2025-10-02 21:26:58,PNG,317,claim_form,"INSURANCE CLAIM FORM. Claimant: John Whitehead. Policy Number: POL-899649. Date of Incident: 2026-02-08. Description: Vehicle damage sustained in a collision on Terrell Road. Estimated repair cost: N$ 30,143. Signed: John Whitehead. Witness statement attached as a separate document. Follow-up scheduled with the claims handler within 5 working days.",,0.701,MEDIUM
DOC-00050,CLM-00022,2026-08-29 21:26:58,PNG,1920,kyc_update,"KYC UPDATE FORM. Customer: Patty Perez. Previous Address: 4615 Stevens Gardens Apt. 410, South Nicholasside, NJ 07856. New Address: 76591 Jerry Ways, Nelsonland, TX 37250. Reason for change: relocation. Verified by staff member on 2026-08-24. Customer contacted via telephone for confirmation. Case referenced against prior claim history for context.",,0.543,LOW
DOC-00041,CLM-00105,2025-10-01 21:26:58,JPG,2801,bank_statement,"BANK STATEMENT EXTRACT. Account Holder: Richard Henson. Statement period: 2025-12-07 to 2026-01-18. Closing balance: N$ 21,799. Branch: New Joanne. Additional photographic evidence submitted separately.",,0.555,LOW
DOC-00187,CLM-00096,2025-10-12 21:26:58,PDF,1202,kyc_update,"KYC UPDATE FORM. Customer: Anna Henderson. Previous Address: Unit 9611 Box 2233, DPO AP 50071. New Address: 630 Melissa Hill Apt. 530, Moniquehaven, OR 64593. Reason for change: relocation. Verified by staff member on 2026-03-25. Witness statement attached as a separate document. Additional photographic evidence submitted separately. Handled by branch office during standard working hours.",,0.578,LOW
DOC-00088,CLM-00133,2026-02-02 21:26:58,JPG,2439,kyc_update,"KYC UPDATE FORM. Customer: Mary Marshall. Previous Address: 4204 Karen Bypass, Lisaville, RI 89043. New Address: 863 Schwartz Causeway, Hughesmouth, OH 07552. Reason for change: relocation. Verified by staff member on 2026-06-01. Case referenced against prior claim history for context.",,0.547,LOW
DOC-00176,CLM-00133,2026-08-05 21:26:58,PNG,4450,kyc_update,"KYC UPDATE FORM. Customer: Mary Marshall. Previous Address: 4327 David Keys, Port Bradleyfort, OK 41094. New Address: 7922 Gill Shores Suite 251, Hughesfurt, MA 71410. Reason for change: relocation. Verified by staff member on 2025-10-29. Witness statement attached as a separate document. Client requested expedited processing due to urgency. Supporting documents received by email attachment.",,0.478,LOW
DOC-00089,CLM-00113,2026-06-28 21:26:58,PDF,3422,investigation_note,INVESTIGATION NOTE. Case relates to claimant Julia Torres. Flagged for review due to unusual document upload pattern following identity change on 2025-11-20. Staff override recorded by Jennifer Bailey. Case referenced against prior claim history for context. Supporting documents received by email attachment. Client requested expedited processing due to urgency.,,0.77,MEDIUM
DOC-00075,CLM-00014,2026-07-09 21:26:58,PNG,3925,bank_statement,"BANK STATEMENT EXTRACT. Account Holder: Michele Williams. Statement period: 2026-09-11 to 2025-11-22. Closing balance: N$ 84,106. Branch: Mccallstad. Customer contacted via telephone for confirmation. Handled by branch office during standard working hours.",,0.603,LOW
DOC-00039,CLM-00039,2026-03-27 21:26:58,JPG,3600,medical_report,"MEDICAL ASSESSMENT REPORT. Patient: Sharon Cochran. Injury sustained during incident on 2025-09-23. Attending physician: Dr. Vaughan. Recommended treatment plan attached. Estimated cost: N$ 10,362.",DUPGRP-016,0.0,LOW
DOC-00064,CLM-00080,2025-10-27 21:26:58,JPG,914,claim_form,"INSURANCE CLAIM FORM. Claimant: Lisa Barnes. Policy Number: POL-706794. Date of Incident: 2025-10-02. Description: Vehicle damage sustained in a collision on Tyler Key. Estimated repair cost: N$ 75,970. Signed: Lisa Barnes. Additional photographic evidence submitted separately. Follow-up scheduled with the claims handler within 5 working days. Case referenced against prior claim history for context.",,0.564,LOW
DOC-00060,CLM-00022,2026-04-01 21:26:58,PNG,1813,investigation_note,INVESTIGATION NOTE. Case relates to claimant Patty Perez. Flagged for review due to unusual document upload pattern following identity change on 2025-11-27. Staff override recorded by Sherri Davis. Client requested expedited processing due to urgency.,,0.816,MEDIUM
DOC-00174,CLM-00019,2025-11-23 21:26:58,JPG,1137,id_document,NATIONAL IDENTITY DOCUMENT. Full Name: Lisa Jackson. ID Number: 764-75-9267. Date of Birth: 1999-05-07. Nationality: Namibian. Issued by Ministry of Home Affairs. Address updated on 2026-08-13. Witness statement attached as a separate document. Form completed in person at the regional service counter.,,0.603,LOW
DOC-00072,CLM-00085,2025-12-26 21:26:58,PNG,1059,kyc_update,"KYC UPDATE FORM. Customer: Zachary Ferrell. Previous Address: 006 Oconnor Expressway, Snyderfurt, MI 72069. New Address: 327 Lauren Bypass Suite 054, North Matthewfurt, GA 96443. Reason for change: relocation. Verified by staff member on 2026-05-09. Case referenced against prior claim history for context. Customer contacted via telephone for confirmation.",,0.418,LOW
DOC-00183,CLM-00041,2026-04-08 21:26:58,DOCX,2052,medical_report,"MEDICAL ASSESSMENT REPORT. Patient: Paula Moreno. Injury sustained during incident on 2026-05-16. Attending physician: Dr. Duran. Recommended treatment plan attached. Estimated cost: N$ 40,941. Handled by branch office during standard working hours. Customer contacted via telephone for confirmation.",,0.732,MEDIUM
DOC-00042,CLM-00106,2026-05-17 21:26:58,JPG,1714,investigation_note,INVESTIGATION NOTE. Case relates to claimant Marc Moore. Flagged for review due to unusual document upload pattern following identity change on 2026-01-24. Staff override recorded by Rachel Bradley. Customer contacted via telephone for confirmation. Additional photographic evidence submitted separately. Handled by branch office during standard working hours.,,0.743,MEDIUM
DOC-00175,CLM-00111,2026-03-03 21:26:58,JPG,2914,bank_statement,"BANK STATEMENT EXTRACT. Account Holder: Richard Rodriguez. Statement period: 2025-11-21 to 2026-06-11. Closing balance: N$ 20,556. Branch: North Mikeport. Supporting documents received by email attachment. Follow-up scheduled with the claims handler within 5 working days.",,0.433,LOW
DOC-00044,CLM-00090,2026-01-30 21:26:58,JPG,2254,investigation_note,INVESTIGATION NOTE. Case relates to claimant Aimee Montoya. Flagged for review due to unusual document upload pattern following identity change on 2026-04-11. Staff override recorded by Jennifer Velasquez. Handled by branch office during standard working hours. Customer contacted via telephone for confirmation.,,0.703,MEDIUM
DOC-00130,CLM-00111,2025-10-12 21:26:58,JPG,3317,claim_form,"INSURANCE CLAIM FORM. Claimant: Richard Rodriguez. Policy Number: POL-397005. Date of Incident: 2026-09-01. Description: Vehicle damage sustained in a collision on Mooney Prairie. Estimated repair cost: N$ 78,243. Signed: Richard Rodriguez. Witness statement attached as a separate document. Client requested expedited processing due to urgency.",,0.595,LOW
DOC-00213,CLM-00047,2026-03-31 21:26:58,DOCX,737,id_document,NATIONAL IDENTITY DOCUMENT. Full Name: John Pierce. ID Number: 678-68-9982. Date of Birth: 1953-08-06. Nationality: Namibian. Issued by Ministry of Home Affairs. Address updated on 2026-08-13. Additional photographic evidence submitted separately. No prior claims recorded against this policy in the last 3 years.,,0.617,LOW
DOC-00045,CLM-00010,2025-11-17 21:26:58,DOCX,1637,claim_form,"INSURANCE CLAIM FORM. Claimant: Ryan Munoz. Policy Number: POL-725550. Date of Incident: 2026-04-29. Description: Vehicle damage sustained in a collision on Beth Cape. Estimated repair cost: N$ 41,614. Signed: Ryan Munoz. Follow-up scheduled with the claims handler within 5 working days. Witness statement attached as a separate document.",,0.717,MEDIUM
DOC-00016,CLM-00046,2025-11-12 21:26:58,PNG,4238,medical_report,"MEDICAL ASSESSMENT REPORT. Patient: Paula Moreno. Injury sustained during incident on 2025-09-20. Attending physician: Dr. Scott. Recommended treatment plan attached. Estimated cost: N$ 66,112.",DUPGRP-006,0.943,HIGH
DOC-00164,CLM-00111,2026-03-05 21:26:58,PNG,2590,bank_statement,"BANK STATEMENT EXTRACT. Account Holder: Richard Rodriguez. Statement period: 2025-12-20 to 2026-06-25. Closing balance: N$ 39,004. Branch: Lake Cindymouth. Customer contacted via telephone for confirmation. Follow-up scheduled with the claims handler within 5 working days.",,0.73,MEDIUM
DOC-00099,CLM-00038,2025-10-29 21:26:58,DOCX,2052,id_document,NATIONAL IDENTITY DOCUMENT. Full Name: Cassandra Gaines. ID Number: 260-34-8784. Date of Birth: 1979-07-16. Nationality: Namibian. Issued by Ministry of Home Affairs. Address updated on 2026-04-17. Supporting documents received by email attachment.,,0.766,MEDIUM
DOC-00115,CLM-00071,2025-11-25 21:26:58,PDF,3014,id_document,NATIONAL IDENTITY DOCUMENT. Full Name: Jordan Henderson. ID Number: 085-61-9363. Date of Birth: 2001-06-07. Nationality: Namibian. Issued by Ministry of Home Affairs. Address updated on 2026-06-22. Handled by branch office during standard working hours.,,0.759,MEDIUM
DOC-00117,CLM-00122,2026-06-03 21:26:58,JPG,435,medical_report,"MEDICAL ASSESSMENT REPORT. Patient: Kenneth Scott. Injury sustained during incident on 2026-03-23. Attending physician: Dr. Perez. Recommended treatment plan attached. Estimated cost: N$ 78,312. No prior claims recorded against this policy in the last 3 years.",,0.765,MEDIUM
DOC-00006,CLM-00021,2026-08-06 21:26:58,PNG,1655,claim_form,"INSURANCE CLAIM FORM. Claimant: Brian Rodriguez. Policy Number: POL-988662. Date of Incident: 2026-03-14. Description: Vehicle damage sustained in a collision on James Brooks. Estimated repair cost: N$ 35,171. Signed: Brian Rodriguez.",DUPGRP-002,1.0,HIGH
DOC-00153,CLM-00008,2025-10-08 21:26:58,PNG,3950,kyc_update,"KYC UPDATE FORM. Customer: Gina Moore. Previous Address: 14773 Anthony Street Apt. 170, South Cassandra, MD 20520. New Address: 87734 Henry Green, Lisaside, ND 02817. Reason for change: relocation. Verified by staff member on 2026-09-19. Supporting documents received by email attachment.",,0.612,LOW
DOC-00161,CLM-00010,2026-04-10 21:26:58,DOCX,2155,kyc_update,"KYC UPDATE FORM. Customer: Ryan Munoz. Previous Address: Unit 3420 Box 6969, DPO AA 20063. New Address: 91086 Wilcox Park Apt. 333, Keithfort, MS 17566. Reason for change: relocation. Verified by staff member on 2025-10-11. Client requested expedited processing due to urgency. Witness statement attached as a separate document.",,0.375,LOW
DOC-00101,CLM-00074,2026-08-12 21:26:58,DOCX,2128,investigation_note,INVESTIGATION NOTE. Case relates to claimant Lauren Daniels. Flagged for review due to unusual document upload pattern following identity change on 2025-12-08. Staff override recorded by Debra Valentine. Follow-up scheduled with the claims handler within 5 working days. Client requested expedited processing due to urgency.,,0.79,MEDIUM
DOC-00074,CLM-00050,2025-11-22 21:26:58,PNG,452,kyc_update,"KYC UPDATE FORM. Customer: Eric Carney. Previous Address: 58693 Mary Viaduct, Sheppardfort, OK 31387. New Address: 0898 David Throughway, Thompsonburgh, IL 25761. Reason for change: relocation. Verified by staff member on 2026-03-22. Witness statement attached as a separate document.",,0.408,LOW
DOC-00131,CLM-00015,2025-11-19 21:26:58,PDF,4154,claim_form,"INSURANCE CLAIM FORM. Claimant: Dylan Miller. Policy Number: POL-314353. Date of Incident: 2026-02-20. Description: Vehicle damage sustained in a collision on Christopher Row. Estimated repair cost: N$ 18,487. Signed: Dylan Miller. Client requested expedited processing due to urgency. Form completed in person at the regional service counter.",,0.636,LOW
DOC-00017,CLM-00051,2025-09-19 21:26:58,PNG,4082,medical_report,"MEDICAL ASSESSMENT REPORT. Patient: Paula Moreno. Injury sustained during incident on 2025-12-10. Attending physician: Dr. Berger. Recommended treatment plan attached. Estimated cost: N$ 70,014.",DUPGRP-006,0.935,HIGH
DOC-00034,CLM-00138,2026-01-22 21:26:58,PNG,2414,investigation_note,INVESTIGATION NOTE. Case relates to claimant Angela Lopez. Flagged for review due to unusual document upload pattern following identity change on 2025-11-25. Staff override recorded by Catherine Burch.,DUPGRP-013,0.913,HIGH
DOC-00196,CLM-00032,2025-10-10 21:26:58,PNG,727,bank_statement,"BANK STATEMENT EXTRACT. Account Holder: James Ferrell. Statement period: 2026-06-24 to 2026-04-01. Closing balance: N$ 52,212. Branch: East Andrewville. Supporting documents received by email attachment. Client requested expedited processing due to urgency.",,0.604,LOW
DOC-00025,CLM-00014,2026-08-15 21:26:58,PDF,576,claim_form,"INSURANCE CLAIM FORM. Claimant: Richard Rodriguez. Policy Number: POL-471507. Date of Incident: 2026-04-23. Description: Vehicle damage sustained in a collision on Bell Falls. Estimated repair cost: N$ 61,713. Signed: Richard Rodriguez.",DUPGRP-009,1.0,HIGH
DOC-00190,CLM-00029,2026-05-19 21:26:58,PNG,1944,medical_report,"MEDICAL ASSESSMENT REPORT. Patient: Zachary Hicks. Injury sustained during incident on 2026-02-23. Attending physician: Dr. Cochran. Recommended treatment plan attached. Estimated cost: N$ 82,978. Follow-up scheduled with the claims handler within 5 working days.",,0.814,MEDIUM
DOC-00096,CLM-00121,2026-02-28 21:26:58,DOCX,374,kyc_update,"KYC UPDATE FORM. Customer: Larry Dixon. Previous Address: 655 Sparks Rapids, New Nicolemouth, GA 30646. New Address: 22259 Donna Mall Suite 177, Clarkburgh, SD 54358. Reason for change: relocation. Verified by staff member on 2026-08-04. Customer contacted via telephone for confirmation. Form completed in person at the regional service counter. Additional photographic evidence submitted separately.",,0.485,LOW
DOC-00013,CLM-00029,2025-10-21 21:26:58,DOCX,3206,id_document,NATIONAL IDENTITY DOCUMENT. Full Name: Jeffrey Chavez. ID Number: 520-35-0043. Date of Birth: 1969-12-18. Nationality: Namibian. Issued by Ministry of Home Affairs. Address updated on 2026-09-02.,DUPGRP-005,0.923,HIGH
DOC-00193,CLM-00129,2026-08-24 21:26:58,DOCX,4384,bank_statement,"BANK STATEMENT EXTRACT. Account Holder: Cameron Fisher. Statement period: 2025-10-20 to 2026-09-15. Closing balance: N$ 18,598. Branch: Johnsonmouth. Case referenced against prior claim history for context. Witness statement attached as a separate document. Form completed in person at the regional service counter.",,0.582,LOW
DOC-00023,CLM-00019,2026-02-08 21:26:58,DOCX,1835,claim_form,"INSURANCE CLAIM FORM. Claimant: Brian Ramirez. Policy Number: POL-340062. Date of Incident: 2025-10-23. Description: Vehicle damage sustained in a collision on Jessica Way. Estimated repair cost: N$ 43,809. Signed: Brian Ramirez.",DUPGRP-008,0.391,LOW
DOC-00181,CLM-00132,2026-05-07 21:26:58,JPG,1234,bank_statement,"BANK STATEMENT EXTRACT. Account Holder: Dustin Jordan. Statement period: 2026-03-01 to 2026-01-20. Closing balance: N$ 61,641. Branch: Jacksonborough. Client requested expedited processing due to urgency.",,0.694,LOW
DOC-00154,CLM-00036,2026-01-28 21:26:58,JPG,1304,investigation_note,INVESTIGATION NOTE. Case relates to claimant Jeffrey Chavez. Flagged for review due to unusual document upload pattern following identity change on 2026-05-06. Staff override recorded by Bradley Watts. Handled by branch office during standard working hours.,,0.764,MEDIUM
DOC-00220,CLM-00135,2026-06-21 21:26:58,DOCX,2054,kyc_update,"KYC UPDATE FORM. Customer: Rebecca Jackson. Previous Address: PSC 4500, Box 5342, APO AA 02550. New Address: 649 Lisa Forges, Josephshire, SC 99184. Reason for change: relocation. Verified by staff member on 2026-04-20. Additional photographic evidence submitted separately. Supporting documents received by email attachment.",,0.568,LOW
DOC-00216,CLM-00071,2025-10-23 21:26:58,PDF,355,id_document,NATIONAL IDENTITY DOCUMENT. Full Name: Jordan Henderson. ID Number: 747-66-3062. Date of Birth: 1967-09-10. Nationality: Namibian. Issued by Ministry of Home Affairs. Address updated on 2025-11-15. Handled by branch office during standard working hours. Case referenced against prior claim history for context. Witness statement attached as a separate document.,,0.603,LOW
DOC-00206,CLM-00016,2026-09-07 21:26:58,PDF,2496,investigation_note,INVESTIGATION NOTE. Case relates to claimant Brian Ramirez. Flagged for review due to unusual document upload pattern following identity change on 2026-05-15. Staff override recorded by Charles Robinson. Witness statement attached as a separate document. Client requested expedited processing due to urgency.,,0.692,LOW
DOC-00036,CLM-00035,2026-02-10 21:26:58,JPG,2888,medical_report,"MEDICAL ASSESSMENT REPORT. Patient: Angel Perry. Injury sustained during incident on 2026-06-29. Attending physician: Dr. Li. Recommended treatment plan attached. Estimated cost: N$ 36,197.",DUPGRP-014,0.963,HIGH
DOC-00112,CLM-00009,2025-11-08 21:26:58,PNG,3018,investigation_note,INVESTIGATION NOTE. Case relates to claimant Gabrielle Davis. Flagged for review due to unusual document upload pattern following identity change on 2026-01-08. Staff override recorded by Joshua Garner. Form completed in person at the regional service counter.,,0.683,LOW
DOC-00199,CLM-00026,2025-12-08 21:26:58,DOCX,3976,medical_report,"MEDICAL ASSESSMENT REPORT. Patient: Judy Baker. Injury sustained during incident on 2026-05-18. Attending physician: Dr. Cruz. Recommended treatment plan attached. Estimated cost: N$ 18,518. Witness statement attached as a separate document.",,0.808,MEDIUM
DOC-00149,CLM-00062,2026-02-10 21:26:58,DOCX,4199,kyc_update,"KYC UPDATE FORM. Customer: Gerald Hensley. Previous Address: 5044 Willie Trafficway Apt. 192, Moniqueport, KY 90343. New Address: 89520 April Landing Suite 652, East Ericbury, MP 25197. Reason for change: relocation. Verified by staff member on 2026-05-17. Follow-up scheduled with the claims handler within 5 working days. No prior claims recorded against this policy in the last 3 years. Witness statement attached as a separate document.",,0.346,LOW
DOC-00124,CLM-00074,2026-01-11 21:26:58,PDF,2948,bank_statement,"BANK STATEMENT EXTRACT. Account Holder: Lauren Daniels. Statement period: 2026-03-18 to 2025-11-11. Closing balance: N$ 76,248. Branch: Laurenstad. Case referenced against prior claim history for context. Supporting documents received by email attachment. No prior claims recorded against this policy in the last 3 years.",,0.54,LOW
DOC-00071,CLM-00005,2026-05-19 21:26:58,PNG,3565,claim_form,"INSURANCE CLAIM FORM. Claimant: Cristian Santos. Policy Number: POL-408528. Date of Incident: 2026-01-10. Description: Vehicle damage sustained in a collision on Conner Oval. Estimated repair cost: N$ 32,390. Signed: Cristian Santos. Follow-up scheduled with the claims handler within 5 working days. Form completed in person at the regional service counter.",,0.623,LOW
DOC-00192,CLM-00029,2026-09-07 21:26:58,JPG,3441,id_document,NATIONAL IDENTITY DOCUMENT. Full Name: Zachary Hicks. ID Number: 531-02-2816. Date of Birth: 1972-12-13. Nationality: Namibian. Issued by Ministry of Home Affairs. Address updated on 2026-05-02. Additional photographic evidence submitted separately.,,0.761,MEDIUM
DOC-00103,CLM-00076,2026-09-05 21:26:58,PDF,4149,claim_form,"INSURANCE CLAIM FORM. Claimant: Sarah Moore. Policy Number: POL-970357. Date of Incident: 2026-08-22. Description: Vehicle damage sustained in a collision on Emily Light. Estimated repair cost: N$ 36,476. Signed: Sarah Moore. Follow-up scheduled with the claims handler within 5 working days.",,0.72,MEDIUM
DOC-00003,CLM-00057,2026-03-12 21:26:58,PNG,1353,claim_form,"INSURANCE CLAIM FORM. Claimant: Abigail Shaffer. Policy Number: POL-391704. Date of Incident: 2025-09-22. Description: Vehicle damage sustained in a collision on Rebecca Ramp. Estimated repair cost: N$ 55,892. Signed: Abigail Shaffer.",DUPGRP-001,0.321,LOW
DOC-00118,CLM-00134,2026-09-05 21:26:58,PDF,4096,kyc_update,"KYC UPDATE FORM. Customer: Daniel Kennedy. Previous Address: 29832 Barker Pine, South Wendy, WI 19526. New Address: 1881 Lonnie Drive, Port Lucaschester, MT 40261. Reason for change: relocation. Verified by staff member on 2026-08-14. Additional photographic evidence submitted separately. Follow-up scheduled with the claims handler within 5 working days.",,0.582,LOW
DOC-00167,CLM-00033,2026-07-25 21:26:58,JPG,3765,claim_form,"INSURANCE CLAIM FORM. Claimant: Tricia Valencia. Policy Number: POL-347459. Date of Incident: 2026-08-15. Description: Vehicle damage sustained in a collision on Kelly Prairie. Estimated repair cost: N$ 47,967. Signed: Tricia Valencia. Follow-up scheduled with the claims handler within 5 working days. Handled by branch office during standard working hours.",,0.698,LOW
DOC-00159,CLM-00065,2026-07-13 21:26:58,PNG,1172,investigation_note,INVESTIGATION NOTE. Case relates to claimant Jessica Callahan. Flagged for review due to unusual document upload pattern following identity change on 2026-03-20. Staff override recorded by Melissa Hunter. Customer contacted via telephone for confirmation.,,0.76,MEDIUM
DOC-00147,CLM-00076,2025-12-06 21:26:58,JPG,1561,claim_form,"INSURANCE CLAIM FORM. Claimant: Sarah Moore. Policy Number: POL-632351. Date of Incident: 2026-06-22. Description: Vehicle damage sustained in a collision on Brandy Forges. Estimated repair cost: N$ 5,447. Signed: Sarah Moore. Form completed in person at the regional service counter. Supporting documents received by email attachment. Additional photographic evidence submitted separately.",,0.594,LOW
DOC-00184,CLM-00056,2026-02-12 21:26:58,PDF,960,bank_statement,"BANK STATEMENT EXTRACT. Account Holder: Michael Lewis. Statement period: 2025-10-13 to 2025-10-14. Closing balance: N$ 37,377. Branch: Hardymouth. Follow-up scheduled with the claims handler within 5 working days. No prior claims recorded against this policy in the last 3 years.",,0.353,LOW
DOC-00080,CLM-00105,2026-02-13 21:26:58,PNG,3799,medical_report,"MEDICAL ASSESSMENT REPORT. Patient: Richard Henson. Injury sustained during incident on 2026-07-20. Attending physician: Dr. Anderson. Recommended treatment plan attached. Estimated cost: N$ 38,675. Case referenced against prior claim history for context.",,0.784,MEDIUM
DOC-00113,CLM-00016,2026-08-13 21:26:58,PDF,494,medical_report,"MEDICAL ASSESSMENT REPORT. Patient: Brian Ramirez. Injury sustained during incident on 2025-12-25. Attending physician: Dr. Wright. Recommended treatment plan attached. Estimated cost: N$ 60,100. Case referenced against prior claim history for context.",,0.812,MEDIUM
DOC-00048,CLM-00108,2026-02-21 21:26:58,PNG,1801,investigation_note,INVESTIGATION NOTE. Case relates to claimant Sierra Johnson. Flagged for review due to unusual document upload pattern following identity change on 2026-08-31. Staff override recorded by Jennifer Hernandez. Client requested expedited processing due to urgency. Additional photographic evidence submitted separately. Handled by branch office during standard working hours.,,0.635,LOW
DOC-00127,CLM-00037,2026-04-21 21:26:58,DOCX,2872,investigation_note,INVESTIGATION NOTE. Case relates to claimant Sherri Baker. Flagged for review due to unusual document upload pattern following identity change on 2025-10-04. Staff override recorded by Sonya Chavez. Additional photographic evidence submitted separately.,,0.798,MEDIUM
DOC-00065,CLM-00078,2026-08-23 21:26:58,PNG,644,investigation_note,INVESTIGATION NOTE. Case relates to claimant Megan Young. Flagged for review due to unusual document upload pattern following identity change on 2025-11-19. Staff override recorded by Monica Garcia. Witness statement attached as a separate document. Additional photographic evidence submitted separately.,,0.728,MEDIUM
DOC-00028,CLM-00061,2025-10-19 21:26:58,JPG,3184,bank_statement,"BANK STATEMENT EXTRACT. Account Holder: Garrett Lin. Statement period: 2026-05-23 to 2026-01-06. Closing balance: N$ 53,065. Branch: Erikaton.",DUPGRP-010,0.886,MEDIUM
DOC-00002,CLM-00009,2025-10-02 21:26:58,JPG,3516,claim_form,"INSURANCE CLAIM FORM. Claimant: Abigail Shaffer. Policy Number: POL-329258. Date of Incident: 2026-01-16. Description: Vehicle damage sustained in a collision on Sims Harbor. Estimated repair cost: N$ 79,407. Signed: Abigail Shaffer.",DUPGRP-001,0.898,MEDIUM
DOC-00020,CLM-00109,2026-06-22 21:26:58,JPG,2633,medical_report,"MEDICAL ASSESSMENT REPORT. Patient: Derek Zuniga. Injury sustained during incident on 2026-06-18. Attending physician: Dr. Rush. Recommended treatment plan attached. Estimated cost: N$ 17,328.",DUPGRP-007,1.0,HIGH
DOC-00091,CLM-00124,2025-11-27 21:26:58,PDF,2343,medical_report,"MEDICAL ASSESSMENT REPORT. Patient: Michelle Harmon. Injury sustained during incident on 2026-05-10. Attending physician: Dr. Turner. Recommended treatment plan attached. Estimated cost: N$ 19,458. Case referenced against prior claim history for context. Witness statement attached as a separate document.",,0.709,MEDIUM
DOC-00009,CLM-00137,2025-12-11 21:26:58,DOCX,3188,investigation_note,INVESTIGATION NOTE. Case relates to claimant Christina Walters. Flagged for review due to unusual document upload pattern following identity change on 2026-03-27. Staff override recorded by Isaac Turner.,DUPGRP-003,1.0,HIGH
DOC-00030,CLM-00015,2025-10-18 21:26:58,PDF,1602,medical_report,"MEDICAL ASSESSMENT REPORT. Patient: Carol Tucker. Injury sustained during incident on 2026-06-03. Attending physician: Dr. Carter. Recommended treatment plan attached. Estimated cost: N$ 21,135.",DUPGRP-011,0.936,HIGH
DOC-00148,CLM-00043,2026-05-06 21:26:58,JPG,4454,investigation_note,INVESTIGATION NOTE. Case relates to claimant Sherry Decker. Flagged for review due to unusual document upload pattern following identity change on 2025-10-11. Staff override recorded by David Perkins. Case referenced against prior claim history for context. No prior claims recorded against this policy in the last 3 years. Client requested expedited processing due to urgency.,,0.619,LOW
DOC-00152,CLM-00007,2025-10-30 21:26:58,PNG,1919,medical_report,"MEDICAL ASSESSMENT REPORT. Patient: Abigail Shaffer. Injury sustained during incident on 2026-04-09. Attending physician: Dr. Massey. Recommended treatment plan attached. Estimated cost: N$ 49,515. Additional photographic evidence submitted separately.",,0.7,MEDIUM
DOC-00150,CLM-00136,2026-03-28 21:26:58,PDF,4306,medical_report,"MEDICAL ASSESSMENT REPORT. Patient: Jose Schultz. Injury sustained during incident on 2025-12-30. Attending physician: Dr. Lopez. Recommended treatment plan attached. Estimated cost: N$ 18,640. Handled by branch office during standard working hours. No prior claims recorded against this policy in the last 3 years.",,0.68,LOW
DOC-00001,CLM-00036,2026-08-31 21:26:58,PDF,3536,claim_form,"INSURANCE CLAIM FORM. Claimant: Abigail Shaffer. Policy Number: POL-877572. Date of Incident: 2026-02-06. Description: Vehicle damage sustained in a collision on Jennifer Lights. Estimated repair cost: N$ 29,756. Signed: Abigail Shaffer.",DUPGRP-001,1.0,HIGH
DOC-00134,CLM-00084,2025-11-12 21:26:58,JPG,3649,id_document,NATIONAL IDENTITY DOCUMENT. Full Name: Paul Jones. ID Number: 626-84-4467. Date of Birth: 1973-07-05. Nationality: Namibian. Issued by Ministry of Home Affairs. Address updated on 2026-08-01. Additional photographic evidence submitted separately.,,0.765,MEDIUM
DOC-00007,CLM-00018,2025-11-09 21:26:58,DOCX,2357,claim_form,"INSURANCE CLAIM FORM. Claimant: Brian Rodriguez. Policy Number: POL-338968. Date of Incident: 2026-02-14. Description: Vehicle damage sustained in a collision on Yu Roads. Estimated repair cost: N$ 31,012. Signed: Brian Rodriguez.",DUPGRP-002,0.927,HIGH
DOC-00178,CLM-00008,2026-05-31 21:26:58,PNG,2554,claim_form,"INSURANCE CLAIM FORM. Claimant: Gina Moore. Policy Number: POL-147670. Date of Incident: 2026-08-13. Description: Vehicle damage sustained in a collision on Reyes Course. Estimated repair cost: N$ 35,188. Signed: Gina Moore. Case referenced against prior claim history for context. Additional photographic evidence submitted separately. Handled by branch office during standard working hours.",,0.616,LOW
DOC-00105,CLM-00011,2026-02-17 21:26:58,PNG,3483,kyc_update,"KYC UPDATE FORM. Customer: Monica Herrera. Previous Address: 5987 Jackson Walk Apt. 234, East Garrettville, CT 08862. New Address: USCGC Kelley, FPO AE 52538. Reason for change: relocation. Verified by staff member on 2026-05-02. Supporting documents received by email attachment. Customer contacted via telephone for confirmation.",,0.612,LOW
DOC-00010,CLM-00070,2026-08-12 21:26:58,JPG,2736,investigation_note,INVESTIGATION NOTE. Case relates to claimant Christina Walters. Flagged for review due to unusual document upload pattern following identity change on 2026-03-27. Staff override recorded by Isaac Turner.,DUPGRP-003,1.0,HIGH
DOC-00109,CLM-00007,2026-08-17 21:26:58,DOCX,1035,bank_statement,"BANK STATEMENT EXTRACT. Account Holder: Abigail Shaffer. Statement period: 2026-03-05 to 2026-07-28. Closing balance: N$ 29,515. Branch: North Michaelberg. Customer contacted via telephone for confirmation. No prior claims recorded against this policy in the last 3 years. Client requested expedited processing due to urgency.",,0.592,LOW
DOC-00108,CLM-00032,2026-08-30 21:26:58,JPG,3942,medical_report,"MEDICAL ASSESSMENT REPORT. Patient: James Ferrell. Injury sustained during incident on 2026-08-29. Attending physician: Dr. Wade. Recommended treatment plan attached. Estimated cost: N$ 34,862. Additional photographic evidence submitted separately. Form completed in person at the regional service counter. Customer contacted via telephone for confirmation.",,0.65,LOW
DOC-00201,CLM-00107,2026-02-18 21:26:58,PDF,2824,id_document,NATIONAL IDENTITY DOCUMENT. Full Name: Sharon Cherry. ID Number: 817-45-2339. Date of Birth: 1969-01-08. Nationality: Namibian. Issued by Ministry of Home Affairs. Address updated on 2026-04-10. Client requested expedited processing due to urgency. Handled by branch office during standard working hours. Witness statement attached as a separate document.,,0.526,LOW
DOC-00068,CLM-00063,2025-10-03 21:26:58,DOCX,2742,claim_form,"INSURANCE CLAIM FORM. Claimant: Connor West. Policy Number: POL-392477. Date of Incident: 2026-05-07. Description: Vehicle damage sustained in a collision on Lamb Course. Estimated repair cost: N$ 61,410. Signed: Connor West. Follow-up scheduled with the claims handler within 5 working days. Additional photographic evidence submitted separately. Form completed in person at the regional service counter.",,0.615,LOW
DOC-00008,CLM-00069,2026-09-03 21:26:58,PDF,1481,investigation_note,INVESTIGATION NOTE. Case relates to claimant Christina Walters. Flagged for review due to unusual document upload pattern following identity change on 2026-03-27. Staff override recorded by Isaac Turner.,DUPGRP-003,1.0,HIGH
DOC-00165,CLM-00115,2026-03-18 21:26:58,DOCX,2329,bank_statement,"BANK STATEMENT EXTRACT. Account Holder: Garrett Lin. Statement period: 2026-04-25 to 2025-12-13. Closing balance: N$ 58,683. Branch: Adamschester. No prior claims recorded against this policy in the last 3 years. Handled by branch office during standard working hours.",,0.615,LOW
DOC-00214,CLM-00139,2026-01-11 21:26:58,PDF,266,id_document,NATIONAL IDENTITY DOCUMENT. Full Name: David Alvarez. ID Number: 631-59-5383. Date of Birth: 1971-01-07. Nationality: Namibian. Issued by Ministry of Home Affairs. Address updated on 2026-03-16. Additional photographic evidence submitted separately. Witness statement attached as a separate document. Supporting documents received by email attachment.,,0.623,LOW
DOC-00114,CLM-00086,2026-03-06 21:26:58,JPG,103,id_document,NATIONAL IDENTITY DOCUMENT. Full Name: Daniel Baker. ID Number: 495-23-8000. Date of Birth: 2006-11-27. Nationality: Namibian. Issued by Ministry of Home Affairs. Address updated on 2026-07-05. Case referenced against prior claim history for context. Follow-up scheduled with the claims handler within 5 working days. Witness statement attached as a separate document.,,0.597,LOW
DOC-00197,CLM-00089,2026-02-04 21:26:58,PNG,1204,medical_report,"MEDICAL ASSESSMENT REPORT. Patient: Lisa Archer. Injury sustained during incident on 2026-01-28. Attending physician: Dr. Franklin. Recommended treatment plan attached. Estimated cost: N$ 28,547. Witness statement attached as a separate document.",,0.92,HIGH
DOC-00133,CLM-00005,2025-11-16 21:26:58,DOCX,250,medical_report,"MEDICAL ASSESSMENT REPORT. Patient: Cristian Santos. Injury sustained during incident on 2026-02-26. Attending physician: Dr. Ho. Recommended treatment plan attached. Estimated cost: N$ 56,767. Additional photographic evidence submitted separately. Follow-up scheduled with the claims handler within 5 working days. Client requested expedited processing due to urgency.",,0.689,LOW
DOC-00070,CLM-00049,2026-08-15 21:26:58,DOCX,3751,claim_form,"INSURANCE CLAIM FORM. Claimant: Joshua Blair. Policy Number: POL-353080. Date of Incident: 2026-04-15. Description: Vehicle damage sustained in a collision on Anna Field. Estimated repair cost: N$ 73,268. Signed: Joshua Blair. No prior claims recorded against this policy in the last 3 years.",,0.58,LOW
DOC-00157,CLM-00075,2026-06-14 21:26:58,PNG,634,medical_report,"MEDICAL ASSESSMENT REPORT. Patient: Amy Silva. Injury sustained during incident on 2026-07-30. Attending physician: Dr. Casey. Recommended treatment plan attached. Estimated cost: N$ 32,031. Additional photographic evidence submitted separately. Supporting documents received by email attachment. Customer contacted via telephone for confirmation.",,0.64,LOW
DOC-00018,CLM-00005,2026-01-20 21:26:58,PDF,781,medical_report,"MEDICAL ASSESSMENT REPORT. Patient: Paula Moreno. Injury sustained during incident on 2026-02-23. Attending physician: Dr. Hall. Recommended treatment plan attached. Estimated cost: N$ 8,092.",DUPGRP-006,0.943,HIGH
DOC-00156,CLM-00017,2026-07-10 21:26:58,JPG,1256,claim_form,"INSURANCE CLAIM FORM. Claimant: Holly Wood. Policy Number: POL-977330. Date of Incident: 2026-06-01. Description: Vehicle damage sustained in a collision on Jennifer Prairie. Estimated repair cost: N$ 70,761. Signed: Holly Wood. Witness statement attached as a separate document.",,0.706,MEDIUM
DOC-00046,CLM-00066,2025-10-24 21:26:58,PNG,2651,claim_form,"INSURANCE CLAIM FORM. Claimant: Amber Kidd. Policy Number: POL-843215. Date of Incident: 2026-04-30. Description: Vehicle damage sustained in a collision on Antonio Shore. Estimated repair cost: N$ 68,646. Signed: Amber Kidd. Case referenced against prior claim history for context. Form completed in person at the regional service counter. Additional photographic evidence submitted separately.",,0.611,LOW
DOC-00168,CLM-00095,2026-08-17 21:26:58,PNG,2124,kyc_update,"KYC UPDATE FORM. Customer: John Whitehead. Previous Address: 368 Christopher Trail, Hernandezchester, AK 15765. New Address: 777 Michelle Prairie, East Kenneth, MP 51846. Reason for change: relocation. Verified by staff member on 2025-10-28. Form completed in person at the regional service counter. Additional photographic evidence submitted separately. Follow-up scheduled with the claims handler within 5 working days.",,0.618,LOW
DOC-00094,CLM-00060,2025-10-07 21:26:58,JPG,4194,medical_report,"MEDICAL ASSESSMENT REPORT. Patient: John Daniel. Injury sustained during incident on 2026-02-28. Attending physician: Dr. Anderson. Recommended treatment plan attached. Estimated cost: N$ 50,468. Supporting documents received by email attachment. No prior claims recorded against this policy in the last 3 years.",,0.693,LOW
DOC-00022,CLM-00133,2025-09-29 21:26:58,JPG,1884,medical_report,"MEDICAL ASSESSMENT REPORT. Patient: Derek Zuniga. Injury sustained during incident on 2026-01-12. Attending physician: Dr. Brown. Recommended treatment plan attached. Estimated cost: N$ 44,813.",DUPGRP-007,0.945,HIGH
DOC-00135,CLM-00103,2025-12-14 21:26:58,PDF,4261,bank_statement,"BANK STATEMENT EXTRACT. Account Holder: Rebecca Valencia. Statement period: 2026-04-09 to 2026-02-24. Closing balance: N$ 45,000. Branch: East Amberchester. Form completed in person at the regional service counter.",,0.693,LOW
DOC-00129,CLM-00021,2026-01-07 21:26:58,PDF,2907,kyc_update,"KYC UPDATE FORM. Customer: Margaret Hawkins DDS. Previous Address: 6191 Murphy Rue, North Jeffberg, FM 76623. New Address: PSC 0227, Box 8469, APO AP 59111. Reason for change: relocation. Verified by staff member on 2026-08-23. No prior claims recorded against this policy in the last 3 years. Additional photographic evidence submitted separately. Client requested expedited processing due to urgency.",,0.499,LOW
DOC-00126,CLM-00047,2025-12-01 21:26:58,DOCX,650,kyc_update,"KYC UPDATE FORM. Customer: John Pierce. Previous Address: 915 Small Cove, Andrewport, SC 28005. New Address: 4857 Joseph Estate, Dannyside, NY 13919. Reason for change: relocation. Verified by staff member on 2026-02-24. Supporting documents received by email attachment.",,0.513,LOW
DOC-00204,CLM-00104,2026-05-21 21:26:58,PNG,2112,medical_report,"MEDICAL ASSESSMENT REPORT. Patient: Christine Wright. Injury sustained during incident on 2026-03-05. Attending physician: Dr. Glover. Recommended treatment plan attached. Estimated cost: N$ 53,038. Customer contacted via telephone for confirmation. Supporting documents received by email attachment. Witness statement attached as a separate document.",,0.738,MEDIUM
DOC-00087,CLM-00023,2026-04-18 21:26:58,PDF,1616,kyc_update,"KYC UPDATE FORM. Customer: Ethan Adams. Previous Address: 9346 Waller Mission Apt. 269, Meganside, VI 41645. New Address: 39452 William Square, Jenniferstad, OH 63464. Reason for change: relocation. Verified by staff member on 2026-03-03. Handled by branch office during standard working hours. Witness statement attached as a separate document. No prior claims recorded against this policy in the last 3 years.",,0.406,LOW
DOC-00170,CLM-00055,2025-10-26 21:26:58,DOCX,1494,bank_statement,"BANK STATEMENT EXTRACT. Account Holder: Shannon Jones. Statement period: 2026-09-09 to 2026-05-28. Closing balance: N$ 26,737. Branch: Paulahaven. Supporting documents received by email attachment.",,0.753,MEDIUM
DOC-00171,CLM-00114,2026-02-19 21:26:58,JPG,1506,claim_form,"INSURANCE CLAIM FORM. Claimant: Crystal Johnson. Policy Number: POL-949884. Date of Incident: 2026-09-03. Description: Vehicle damage sustained in a collision on Lloyd Ville. Estimated repair cost: N$ 46,037. Signed: Crystal Johnson. Customer contacted via telephone for confirmation. Witness statement attached as a separate document. Client requested expedited processing due to urgency.",,0.64,LOW
DOC-00163,CLM-00113,2025-10-31 21:26:58,DOCX,726,medical_report,"MEDICAL ASSESSMENT REPORT. Patient: Julia Torres. Injury sustained during incident on 2025-12-23. Attending physician: Dr. Kelly. Recommended treatment plan attached. Estimated cost: N$ 65,711. Witness statement attached as a separate document. Client requested expedited processing due to urgency.",,0.731,MEDIUM
DOC-00059,CLM-00100,2025-10-02 21:26:58,DOCX,302,kyc_update,"KYC UPDATE FORM. Customer: Stephen Mckee. Previous Address: USCGC Sellers, FPO AA 86470. New Address: 25367 Barbara Grove, Brooksland, SC 12703. Reason for change: relocation. Verified by staff member on 2026-09-01. Supporting documents received by email attachment. Witness statement attached as a separate document.",,0.519,LOW
DOC-00202,CLM-00073,2026-05-16 21:26:58,PNG,1659,medical_report,"MEDICAL ASSESSMENT REPORT. Patient: Brittney Phillips. Injury sustained during incident on 2026-06-24. Attending physician: Dr. Johnson. Recommended treatment plan attached. Estimated cost: N$ 65,238. Witness statement attached as a separate document.",,0.786,MEDIUM
DOC-00051,CLM-00051,2026-08-07 21:26:58,JPG,3225,id_document,NATIONAL IDENTITY DOCUMENT. Full Name: Jessica Holmes. ID Number: 167-73-3940. Date of Birth: 1989-04-12. Nationality: Namibian. Issued by Ministry of Home Affairs. Address updated on 2025-10-12. Customer contacted via telephone for confirmation. No prior claims recorded against this policy in the last 3 years. Additional photographic evidence submitted separately.,,0.693,LOW
DOC-00040,CLM-00033,2026-08-26 21:26:58,PDF,2977,claim_form,"INSURANCE CLAIM FORM. Claimant: Tricia Valencia. Policy Number: POL-423232. Date of Incident: 2026-03-24. Description: Vehicle damage sustained in a collision on Salas Street. Estimated repair cost: N$ 47,398. Signed: Tricia Valencia. Case referenced against prior claim history for context.",,0.705,MEDIUM
DOC-00076,CLM-00123,2026-04-12 21:26:58,DOCX,686,medical_report,"MEDICAL ASSESSMENT REPORT. Patient: April Frost. Injury sustained during incident on 2025-12-22. Attending physician: Dr. Bush. Recommended treatment plan attached. Estimated cost: N$ 33,592. Customer contacted via telephone for confirmation. Follow-up scheduled with the claims handler within 5 working days.",,0.699,LOW
DOC-00210,CLM-00053,2025-11-25 21:26:58,DOCX,3822,investigation_note,INVESTIGATION NOTE. Case relates to claimant Crystal Robinson. Flagged for review due to unusual document upload pattern following identity change on 2026-05-27. Staff override recorded by Gavin Nelson. Handled by branch office during standard working hours. No prior claims recorded against this policy in the last 3 years.,,0.676,LOW
DOC-00158,CLM-00135,2026-08-10 21:26:58,DOCX,3138,bank_statement,"BANK STATEMENT EXTRACT. Account Holder: Rebecca Jackson. Statement period: 2026-06-05 to 2026-06-29. Closing balance: N$ 3,165. Branch: West Natasha. No prior claims recorded against this policy in the last 3 years. Handled by branch office during standard working hours.",,0.624,LOW
DOC-00005,CLM-00012,2026-06-20 21:26:58,PDF,3180,claim_form,"INSURANCE CLAIM FORM. Claimant: Brian Rodriguez. Policy Number: POL-988662. Date of Incident: 2026-03-14. Description: Vehicle damage sustained in a collision on James Brooks. Estimated repair cost: N$ 35,171. Signed: Brian Rodriguez.",DUPGRP-002,1.0,HIGH
DOC-00038,CLM-00086,2026-08-11 21:26:58,PNG,1403,investigation_note,INVESTIGATION NOTE. Case relates to claimant Carol Tucker. Flagged for review due to unusual document upload pattern following identity change on 2026-05-27. Staff override recorded by Kelly Hernandez.,DUPGRP-015,1.0,HIGH
DOC-00057,CLM-00107,2025-09-22 21:26:58,PNG,2526,claim_form,"INSURANCE CLAIM FORM. Claimant: Sharon Cherry. Policy Number: POL-316881. Date of Incident: 2026-04-22. Description: Vehicle damage sustained in a collision on Bailey Manors. Estimated repair cost: N$ 77,056. Signed: Sharon Cherry. Handled by branch office during standard working hours. Additional photographic evidence submitted separately. No prior claims recorded against this policy in the last 3 years.",,0.593,LOW
DOC-00145,CLM-00097,2026-06-06 21:26:58,PNG,229,investigation_note,INVESTIGATION NOTE. Case relates to claimant Aaron Wise. Flagged for review due to unusual document upload pattern following identity change on 2026-03-06. Staff override recorded by Michael Wade. Additional photographic evidence submitted separately.,,0.78,MEDIUM
DOC-00012,CLM-00068,2026-07-15 21:26:58,DOCX,3351,id_document,NATIONAL IDENTITY DOCUMENT. Full Name: Gabrielle Davis. ID Number: 753-42-9892. Date of Birth: 1967-10-02. Nationality: Namibian. Issued by Ministry of Home Affairs. Address updated on 2026-07-03.,DUPGRP-004,0.929,HIGH
DOC-00211,CLM-00015,2026-01-08 21:26:58,PDF,451,bank_statement,"BANK STATEMENT EXTRACT. Account Holder: Dylan Miller. Statement period: 2026-08-29 to 2026-02-23. Closing balance: N$ 3,353. Branch: Jasminebury. Client requested expedited processing due to urgency. Handled by branch office during standard working hours.",,0.622,LOW
DOC-00081,CLM-00019,2026-06-24 21:26:58,JPG,1300,investigation_note,INVESTIGATION NOTE. Case relates to claimant Lisa Jackson. Flagged for review due to unusual document upload pattern following identity change on 2026-02-01. Staff override recorded by Elizabeth Stanley. Case referenced against prior claim history for context. Additional photographic evidence submitted separately. Customer contacted via telephone for confirmation.,,0.727,MEDIUM
DOC-00198,CLM-00028,2026-01-12 21:26:58,JPG,510,bank_statement,"BANK STATEMENT EXTRACT. Account Holder: Stephanie Ross. Statement period: 2026-07-16 to 2026-01-19. Closing balance: N$ 32,279. Branch: Smithfurt. Witness statement attached as a separate document.",,0.703,MEDIUM
DOC-00169,CLM-00030,2026-01-31 21:26:58,PNG,3735,claim_form,"INSURANCE CLAIM FORM. Claimant: Anthony Rodriguez. Policy Number: POL-871411. Date of Incident: 2025-12-23. Description: Vehicle damage sustained in a collision on Johnson Locks. Estimated repair cost: N$ 68,361. Signed: Anthony Rodriguez. Witness statement attached as a separate document. Customer contacted via telephone for confirmation.",,0.707,MEDIUM
DOC-00082,CLM-00069,2025-11-21 21:26:58,DOCX,2571,id_document,NATIONAL IDENTITY DOCUMENT. Full Name: James Brown. ID Number: 141-54-1719. Date of Birth: 1985-07-12. Nationality: Namibian. Issued by Ministry of Home Affairs. Address updated on 2025-10-19. Follow-up scheduled with the claims handler within 5 working days. Client requested expedited processing due to urgency. No prior claims recorded against this policy in the last 3 years.,,0.591,LOW
DOC-00121,CLM-00116,2026-04-25 21:26:58,PNG,2168,id_document,NATIONAL IDENTITY DOCUMENT. Full Name: Diana May. ID Number: 207-59-1478. Date of Birth: 1967-09-25. Nationality: Namibian. Issued by Ministry of Home Affairs. Address updated on 2026-03-11. Customer contacted via telephone for confirmation. Form completed in person at the regional service counter.,,0.711,MEDIUM
DOC-00026,CLM-00104,2025-11-13 21:26:58,JPG,1649,claim_form,"INSURANCE CLAIM FORM. Claimant: Richard Rodriguez. Policy Number: POL-471507. Date of Incident: 2026-04-23. Description: Vehicle damage sustained in a collision on Bell Falls. Estimated repair cost: N$ 61,713. Signed: Richard Rodriguez.",DUPGRP-009,1.0,HIGH
DOC-00162,CLM-00010,2026-03-26 21:26:58,DOCX,3356,investigation_note,INVESTIGATION NOTE. Case relates to claimant Ryan Munoz. Flagged for review due to unusual document upload pattern following identity change on 2026-02-12. Staff override recorded by Tara Humphrey. Form completed in person at the regional service counter. Client requested expedited processing due to urgency. Customer contacted via telephone for confirmation.,,0.742,MEDIUM
DOC-00128,CLM-00041,2025-12-07 21:26:58,JPG,487,kyc_update,"KYC UPDATE FORM. Customer: Paula Moreno. Previous Address: 928 Richard Station Apt. 581, Amandafurt, OR 54691. New Address: 276 Matthew Via, Muellerchester, OK 45353. Reason for change: relocation. Verified by staff member on 2026-03-04. Handled by branch office during standard working hours.",,0.485,LOW
DOC-00132,CLM-00111,2026-04-10 21:26:58,PDF,3653,id_document,NATIONAL IDENTITY DOCUMENT. Full Name: Richard Rodriguez. ID Number: 818-75-5120. Date of Birth: 1992-06-07. Nationality: Namibian. Issued by Ministry of Home Affairs. Address updated on 2026-04-01. Witness statement attached as a separate document. Form completed in person at the regional service counter. Customer contacted via telephone for confirmation.,,0.614,LOW
DOC-00093,CLM-00124,2026-09-11 21:26:58,JPG,3217,kyc_update,"KYC UPDATE FORM. Customer: Michelle Harmon. Previous Address: 814 John Flat Suite 552, North Justin, CA 25863. New Address: 9492 Aguirre Meadow Apt. 053, Lake Jodi, NE 36765. Reason for change: relocation. Verified by staff member on 2026-06-28. Form completed in person at the regional service counter. Case referenced against prior claim history for context.",,0.459,LOW
DOC-00067,CLM-00112,2026-04-30 21:26:58,PNG,2720,id_document,NATIONAL IDENTITY DOCUMENT. Full Name: Shannon Walker. ID Number: 272-16-1482. Date of Birth: 1961-06-10. Nationality: Namibian. Issued by Ministry of Home Affairs. Address updated on 2026-06-13. Witness statement attached as a separate document. No prior claims recorded against this policy in the last 3 years. Follow-up scheduled with the claims handler within 5 working days.,,0.595,LOW
DOC-00079,CLM-00055,2025-10-27 21:26:58,JPG,101,kyc_update,"KYC UPDATE FORM. Customer: Shannon Jones. Previous Address: 513 Walker Well, Robertmouth, MN 34653. New Address: 70999 Thomas Fields Apt. 684, Brownberg, DC 26754. Reason for change: relocation. Verified by staff member on 2025-10-30. Witness statement attached as a separate document.",,0.527,LOW
DOC-00092,CLM-00107,2025-12-04 21:26:58,DOCX,4492,kyc_update,"KYC UPDATE FORM. Customer: Sharon Cherry. Previous Address: USNS Evans, FPO AP 85427. New Address: 821 Adam Ranch, Medinaland, ME 28033. Reason for change: relocation. Verified by staff member on 2026-06-05. Client requested expedited processing due to urgency. No prior claims recorded against this policy in the last 3 years.",,0.593,LOW
DOC-00137,CLM-00045,2026-09-02 21:26:58,PNG,2669,bank_statement,"BANK STATEMENT EXTRACT. Account Holder: Angelica Tucker. Statement period: 2026-08-20 to 2025-10-27. Closing balance: N$ 23,718. Branch: Meadowston. No prior claims recorded against this policy in the last 3 years. Follow-up scheduled with the claims handler within 5 working days. Witness statement attached as a separate document.",,0.522,LOW
DOC-00120,CLM-00136,2026-08-20 21:26:58,JPG,3603,kyc_update,"KYC UPDATE FORM. Customer: Jose Schultz. Previous Address: 177 Natalie Gardens, Terrellton, OH 51278. New Address: 47644 Jackson Hill, Lake Zacharyberg, NH 85186. Reason for change: relocation. Verified by staff member on 2026-06-04. Customer contacted via telephone for confirmation.",,0.53,LOW
DOC-00098,CLM-00043,2026-03-21 21:26:58,PNG,3608,investigation_note,INVESTIGATION NOTE. Case relates to claimant Sherry Decker. Flagged for review due to unusual document upload pattern following identity change on 2025-10-03. Staff override recorded by Emily Cox. Client requested expedited processing due to urgency.,,0.744,MEDIUM
DOC-00073,CLM-00138,2026-07-21 21:26:58,PNG,903,investigation_note,INVESTIGATION NOTE. Case relates to claimant Courtney Gonzalez. Flagged for review due to unusual document upload pattern following identity change on 2025-12-26. Staff override recorded by Jeremy Baker. Follow-up scheduled with the claims handler within 5 working days. Witness statement attached as a separate document.,,0.659,LOW
DOC-00083,CLM-00104,2025-10-09 21:26:58,DOCX,2720,kyc_update,"KYC UPDATE FORM. Customer: Christine Wright. Previous Address: 22557 Johns Course, Lisaburgh, DE 53031. New Address: 6762 David Stream Apt. 216, Phammouth, HI 80628. Reason for change: relocation. Verified by staff member on 2026-06-22. Follow-up scheduled with the claims handler within 5 working days.",,0.557,LOW
DOC-00142,CLM-00135,2026-03-11 21:26:58,PDF,2821,bank_statement,"BANK STATEMENT EXTRACT. Account Holder: Rebecca Jackson. Statement period: 2025-12-09 to 2026-03-24. Closing balance: N$ 49,370. Branch: Port Courtneyfurt. Additional photographic evidence submitted separately. Follow-up scheduled with the claims handler within 5 working days.",,0.603,LOW
DOC-00062,CLM-00058,2025-09-29 21:26:58,JPG,2034,investigation_note,INVESTIGATION NOTE. Case relates to claimant Richard Aguirre. Flagged for review due to unusual document upload pattern following identity change on 2026-08-18. Staff override recorded by Joshua Thompson. Case referenced against prior claim history for context.,,0.746,MEDIUM
DOC-00102,CLM-00117,2026-07-08 21:26:58,PNG,2503,kyc_update,"KYC UPDATE FORM. Customer: William Herrera. Previous Address: 95211 Emma Shore, Austinside, AZ 63715. New Address: 9472 Sanders Terrace Apt. 086, Ayerston, NY 46020. Reason for change: relocation. Verified by staff member on 2026-04-03. Additional photographic evidence submitted separately.",,0.562,LOW
DOC-00203,CLM-00029,2026-02-17 21:26:58,JPG,1517,kyc_update,"KYC UPDATE FORM. Customer: Zachary Hicks. Previous Address: 573 Ross Ridge, West Ronniefort, TN 92185. New Address: PSC 6493, Box 2898, APO AE 17260. Reason for change: relocation. Verified by staff member on 2026-05-11. Supporting documents received by email attachment. Handled by branch office during standard working hours. Form completed in person at the regional service counter.",,0.496,LOW
DOC-00188,CLM-00086,2025-12-11 21:26:58,DOCX,2531,medical_report,"MEDICAL ASSESSMENT REPORT. Patient: Daniel Baker. Injury sustained during incident on 2026-05-10. Attending physician: Dr. Walton. Recommended treatment plan attached. Estimated cost: N$ 79,963. Supporting documents received by email attachment. Form completed in person at the regional service counter. Witness statement attached as a separate document.",,0.642,LOW
DOC-00205,CLM-00002,2026-01-30 21:26:58,PNG,2015,kyc_update,"KYC UPDATE FORM. Customer: Noah Rhodes. Previous Address: 9040 Melanie Manors Suite 528, North Randall, ND 60873. New Address: 77294 Julie Vista Apt. 954, West Wendyshire, NJ 83217. Reason for change: relocation. Verified by staff member on 2026-01-17. Client requested expedited processing due to urgency. Handled by branch office during standard working hours.",,0.343,LOW
DOC-00180,CLM-00124,2026-04-11 21:26:58,JPG,3115,medical_report,"MEDICAL ASSESSMENT REPORT. Patient: Michelle Harmon. Injury sustained during incident on 2026-03-12. Attending physician: Dr. Curtis. Recommended treatment plan attached. Estimated cost: N$ 19,330. Form completed in person at the regional service counter. Follow-up scheduled with the claims handler within 5 working days.",,0.736,MEDIUM
DOC-00031,CLM-00064,2025-10-09 21:26:58,PDF,3514,bank_statement,"BANK STATEMENT EXTRACT. Account Holder: Derek Zuniga. Statement period: 2026-01-17 to 2026-04-13. Closing balance: N$ 16,213. Branch: West Michael.",DUPGRP-012,0.882,MEDIUM
DOC-00185,CLM-00111,2025-10-15 21:26:58,JPG,3049,id_document,NATIONAL IDENTITY DOCUMENT. Full Name: Richard Rodriguez. ID Number: 526-84-5862. Date of Birth: 1971-11-22. Nationality: Namibian. Issued by Ministry of Home Affairs. Address updated on 2026-03-25. Additional photographic evidence submitted separately.,,0.763,MEDIUM
DOC-00055,CLM-00125,2026-03-09 21:26:58,PNG,740,investigation_note,INVESTIGATION NOTE. Case relates to claimant Helen Jones. Flagged for review due to unusual document upload pattern following identity change on 2026-02-06. Staff override recorded by Lori Lopez. Client requested expedited processing due to urgency. Case referenced against prior claim history for context. Follow-up scheduled with the claims handler within 5 working days.,,0.645,LOW
DOC-00004,CLM-00056,2026-03-10 21:26:58,PDF,839,claim_form,"INSURANCE CLAIM FORM. Claimant: Abigail Shaffer. Policy Number: POL-877572. Date of Incident: 2026-02-06. Description: Vehicle damage sustained in a collision on Jennifer Lights. Estimated repair cost: N$ 29,756. Signed: Abigail Shaffer.",DUPGRP-001,1.0,HIGH
DOC-00078,CLM-00134,2026-07-28 21:26:58,PDF,1782,medical_report,"MEDICAL ASSESSMENT REPORT. Patient: Daniel Kennedy. Injury sustained during incident on 2026-05-03. Attending physician: Dr. Nichols. Recommended treatment plan attached. Estimated cost: N$ 77,639. Client requested expedited processing due to urgency. Handled by branch office during standard working hours.",,0.707,MEDIUM
DOC-00086,CLM-00083,2026-06-27 21:26:58,PDF,3805,investigation_note,INVESTIGATION NOTE. Case relates to claimant Michael Evans. Flagged for review due to unusual document upload pattern following identity change on 2025-12-10. Staff override recorded by Priscilla Kent. No prior claims recorded against this policy in the last 3 years. Client requested expedited processing due to urgency. Additional photographic evidence submitted separately.,,0.728,MEDIUM
DOC-00054,CLM-00130,2026-01-23 21:26:58,PNG,4350,medical_report,"MEDICAL ASSESSMENT REPORT. Patient: Megan Orr. Injury sustained during incident on 2026-06-26. Attending physician: Dr. Hernandez. Recommended treatment plan attached. Estimated cost: N$ 21,361. No prior claims recorded against this policy in the last 3 years. Follow-up scheduled with the claims handler within 5 working days. Client requested expedited processing due to urgency.",,0.739,MEDIUM
DOC-00123,CLM-00034,2026-03-19 21:26:58,DOCX,501,bank_statement,"BANK STATEMENT EXTRACT. Account Holder: Nathan Maldonado. Statement period: 2026-07-16 to 2026-07-03. Closing balance: N$ 74,120. Branch: North Danielle. Customer contacted via telephone for confirmation. Additional photographic evidence submitted separately.",,0.591,LOW
DOC-00056,CLM-00036,2026-04-15 21:26:58,PNG,3896,id_document,NATIONAL IDENTITY DOCUMENT. Full Name: Jeffrey Chavez. ID Number: 629-26-7366. Date of Birth: 1991-01-06. Nationality: Namibian. Issued by Ministry of Home Affairs. Address updated on 2026-04-03. Case referenced against prior claim history for context. Customer contacted via telephone for confirmation. Additional photographic evidence submitted separately.,,0.612,LOW
DOC-00212,CLM-00109,2025-10-05 21:26:58,PNG,3429,kyc_update,"KYC UPDATE FORM. Customer: Evelyn Galvan. Previous Address: USNS Torres, FPO AE 40564. New Address: 11312 Christopher Heights Suite 068, South Tyler, TX 89207. Reason for change: relocation. Verified by staff member on 2025-10-21. No prior claims recorded against this policy in the last 3 years.",,0.542,LOW
DOC-00172,CLM-00093,2025-10-02 21:26:58,PNG,3102,bank_statement,"BANK STATEMENT EXTRACT. Account Holder: Denise Jacobs. Statement period: 2025-11-20 to 2025-12-30. Closing balance: N$ 18,702. Branch: Reginatown. No prior claims recorded against this policy in the last 3 years.",,0.654,LOW
DOC-00151,CLM-00032,2026-01-10 21:26:58,DOCX,2943,kyc_update,"KYC UPDATE FORM. Customer: James Ferrell. Previous Address: 083 Tamara Extension, Lake Coreyborough, PW 66586. New Address: 9271 Mary Light Suite 383, Rodriguezmouth, DE 61567. Reason for change: relocation. Verified by staff member on 2025-12-10. Supporting documents received by email attachment. Additional photographic evidence submitted separately. Customer contacted via telephone for confirmation.",,0.504,LOW
DOC-00194,CLM-00097,2025-12-26 21:26:58,JPG,2365,kyc_update,"KYC UPDATE FORM. Customer: Aaron Wise. Previous Address: 7118 Jennifer Mill Apt. 742, Port Andrew, CT 23731. New Address: 10427 Thompson Station Apt. 837, Port Cynthiahaven, SD 87341. Reason for change: relocation. Verified by staff member on 2026-05-12. Form completed in person at the regional service counter. Client requested expedited processing due to urgency. No prior claims recorded against this policy in the last 3 years.",,0.397,LOW
DOC-00019,CLM-00122,2025-12-12 21:26:58,PNG,4402,medical_report,"MEDICAL ASSESSMENT REPORT. Patient: Derek Zuniga. Injury sustained during incident on 2026-06-18. Attending physician: Dr. Rush. Recommended treatment plan attached. Estimated cost: N$ 17,328.",DUPGRP-007,1.0,HIGH
DOC-00011,CLM-00017,2026-04-09 21:26:58,DOCX,1250,id_document,NATIONAL IDENTITY DOCUMENT. Full Name: Gabrielle Davis. ID Number: 677-11-2574. Date of Birth: 1967-01-14. Nationality: Namibian. Issued by Ministry of Home Affairs. Address updated on 2026-02-27.,DUPGRP-004,0.934,HIGH
DOC-00189,CLM-00087,2025-09-27 21:26:58,PNG,2793,bank_statement,"BANK STATEMENT EXTRACT. Account Holder: Shirley Suarez. Statement period: 2026-06-06 to 2026-06-18. Closing balance: N$ 64,705. Branch: Alanport. Follow-up scheduled with the claims handler within 5 working days. Client requested expedited processing due to urgency. No prior claims recorded against this policy in the last 3 years.",,0.506,LOW
DOC-00155,CLM-00136,2026-01-19 21:26:58,DOCX,3824,medical_report,"MEDICAL ASSESSMENT REPORT. Patient: Jose Schultz. Injury sustained during incident on 2026-02-13. Attending physician: Dr. Pittman. Recommended treatment plan attached. Estimated cost: N$ 39,972. Handled by branch office during standard working hours.",,0.781,MEDIUM
DOC-00173,CLM-00120,2026-06-15 21:26:58,DOCX,3434,bank_statement,"BANK STATEMENT EXTRACT. Account Holder: Jeffrey Chandler. Statement period: 2026-07-29 to 2025-11-02. Closing balance: N$ 9,117. Branch: North Katherineville. Additional photographic evidence submitted separately. No prior claims recorded against this policy in the last 3 years.",,0.58,LOW
DOC-00097,CLM-00018,2026-08-09 21:26:58,PDF,3714,id_document,NATIONAL IDENTITY DOCUMENT. Full Name: Derek Zuniga. ID Number: 185-67-6643. Date of Birth: 1991-07-03. Nationality: Namibian. Issued by Ministry of Home Affairs. Address updated on 2026-09-04. Customer contacted via telephone for confirmation. Additional photographic evidence submitted separately. Follow-up scheduled with the claims handler within 5 working days.,,0.673,LOW
DOC-00069,CLM-00047,2026-06-30 21:26:58,PDF,4312,medical_report,"MEDICAL ASSESSMENT REPORT. Patient: John Pierce. Injury sustained during incident on 2026-03-19. Attending physician: Dr. Watkins. Recommended treatment plan attached. Estimated cost: N$ 45,108. Follow-up scheduled with the claims handler within 5 working days. Client requested expedited processing due to urgency.",,0.747,MEDIUM
DOC-00014,CLM-00120,2026-06-29 21:26:58,PDF,1018,id_document,NATIONAL IDENTITY DOCUMENT. Full Name: Jeffrey Chavez. ID Number: 474-53-0889. Date of Birth: 1963-06-25. Nationality: Namibian. Issued by Ministry of Home Affairs. Address updated on 2026-05-29.,DUPGRP-005,1.0,HIGH
DOC-00049,CLM-00111,2026-06-07 21:26:58,DOCX,1470,bank_statement,"BANK STATEMENT EXTRACT. Account Holder: Richard Rodriguez. Statement period: 2026-08-20 to 2026-03-02. Closing balance: N$ 61,446. Branch: North Alyssaview. No prior claims recorded against this policy in the last 3 years. Case referenced against prior claim history for context.",,0.573,LOW
DOC-00186,CLM-00074,2025-11-23 21:26:58,PDF,3306,claim_form,"INSURANCE CLAIM FORM. Claimant: Lauren Daniels. Policy Number: POL-505116. Date of Incident: 2026-06-04. Description: Vehicle damage sustained in a collision on John Street. Estimated repair cost: N$ 72,570. Signed: Lauren Daniels. Follow-up scheduled with the claims handler within 5 working days. Customer contacted via telephone for confirmation.",,0.663,LOW
DOC-00138,CLM-00039,2026-03-18 21:26:58,PDF,2622,medical_report,"MEDICAL ASSESSMENT REPORT. Patient: Elizabeth Fowler. Injury sustained during incident on 2026-05-17. Attending physician: Dr. Martinez. Recommended treatment plan attached. Estimated cost: N$ 83,256. Client requested expedited processing due to urgency. Handled by branch office during standard working hours.",,0.73,MEDIUM
DOC-00024,CLM-00139,2026-05-19 21:26:58,DOCX,1639,claim_form,"INSURANCE CLAIM FORM. Claimant: Brian Ramirez. Policy Number: POL-698782. Date of Incident: 2026-07-11. Description: Vehicle damage sustained in a collision on Christopher Corner. Estimated repair cost: N$ 32,350. Signed: Brian Ramirez.",DUPGRP-008,0.822,MEDIUM
DOC-00095,CLM-00085,2026-04-16 21:26:58,JPG,692,claim_form,"INSURANCE CLAIM FORM. Claimant: Zachary Ferrell. Policy Number: POL-986088. Date of Incident: 2026-05-02. Description: Vehicle damage sustained in a collision on Katherine Dam. Estimated repair cost: N$ 69,437. Signed: Zachary Ferrell. Handled by branch office during standard working hours. Supporting documents received by email attachment.",,0.639,LOW
DOC-00116,CLM-00061,2026-04-22 21:26:58,PDF,600,bank_statement,"BANK STATEMENT EXTRACT. Account Holder: Victoria Garcia. Statement period: 2025-09-27 to 2025-12-17. Closing balance: N$ 35,282. Branch: Jamesview. Supporting documents received by email attachment.",,0.69,LOW
DOC-00021,CLM-00103,2026-08-17 21:26:58,PNG,3668,medical_report,"MEDICAL ASSESSMENT REPORT. Patient: Derek Zuniga. Injury sustained during incident on 2026-06-18. Attending physician: Dr. Rush. Recommended treatment plan attached. Estimated cost: N$ 17,328.",DUPGRP-007,1.0,HIGH
DOC-00166,CLM-00015,2026-07-27 21:26:58,DOCX,365,claim_form,"INSURANCE CLAIM FORM. Claimant: Dylan Miller. Policy Number: POL-803787. Date of Incident: 2026-08-11. Description: Vehicle damage sustained in a collision on Ryan Meadow. Estimated repair cost: N$ 48,119. Signed: Dylan Miller. Supporting documents received by email attachment. Handled by branch office during standard working hours. Follow-up scheduled with the claims handler within 5 working days.",,0.618,LOW
DOC-00085,CLM-00114,2026-03-16 21:26:58,DOCX,2810,kyc_update,"KYC UPDATE FORM. Customer: Crystal Johnson. Previous Address: 6088 Margaret Turnpike, Pamelaside, IL 86300. New Address: 0375 Moran Lakes Suite 113, West Michaelport, OH 68918. Reason for change: relocation. Verified by staff member on 2026-07-15. Customer contacted via telephone for confirmation. No prior claims recorded against this policy in the last 3 years.",,0.379,LOW
DOC-00053,CLM-00119,2026-08-26 21:26:58,PNG,3705,claim_form,"INSURANCE CLAIM FORM. Claimant: Victor Baker. Policy Number: POL-684482. Date of Incident: 2026-01-24. Description: Vehicle damage sustained in a collision on Stephen Dale. Estimated repair cost: N$ 60,329. Signed: Victor Baker. No prior claims recorded against this policy in the last 3 years.",,0.595,LOW
DOC-00066,CLM-00130,2026-03-23 21:26:58,DOCX,1333,investigation_note,INVESTIGATION NOTE. Case relates to claimant Megan Orr. Flagged for review due to unusual document upload pattern following identity change on 2025-09-25. Staff override recorded by Joshua Oconnell. Additional photographic evidence submitted separately.,,0.768,MEDIUM
DOC-00063,CLM-00033,2025-12-13 21:26:58,PDF,1421,medical_report,"MEDICAL ASSESSMENT REPORT. Patient: Tricia Valencia. Injury sustained during incident on 2025-11-16. Attending physician: Dr. Chavez. Recommended treatment plan attached. Estimated cost: N$ 29,069. Client requested expedited processing due to urgency. Form completed in person at the regional service counter.",,0.727,MEDIUM
DOC-00100,CLM-00128,2026-08-26 21:26:58,PDF,3891,bank_statement,"BANK STATEMENT EXTRACT. Account Holder: Jason Powell. Statement period: 2026-01-15 to 2026-05-13. Closing balance: N$ 84,111. Branch: Michaelview. No prior claims recorded against this policy in the last 3 years. Client requested expedited processing due to urgency.",,0.637,LOW
DOC-00035,CLM-00003,2026-06-29 21:26:58,PNG,928,medical_report,"MEDICAL ASSESSMENT REPORT. Patient: Angel Perry. Injury sustained during incident on 2026-02-20. Attending physician: Dr. Wise. Recommended treatment plan attached. Estimated cost: N$ 69,829.",DUPGRP-014,0.958,HIGH
DOC-00136,CLM-00030,2025-12-02 21:26:58,PNG,1696,bank_statement,"BANK STATEMENT EXTRACT. Account Holder: Anthony Rodriguez. Statement period: 2025-12-27 to 2026-03-16. Closing balance: N$ 46,519. Branch: South Donnaport. Supporting documents received by email attachment. Case referenced against prior claim history for context. Customer contacted via telephone for confirmation.",,0.637,LOW
DOC-00143,CLM-00017,2026-03-08 21:26:58,PDF,1238,kyc_update,"KYC UPDATE FORM. Customer: Holly Wood. Previous Address: 508 Barron Creek, Diazton, MN 48530. New Address: 325 Amber Run, Mclaughlinshire, VI 92624. Reason for change: relocation. Verified by staff member on 2026-07-01. Client requested expedited processing due to urgency. Supporting documents received by email attachment.",,0.543,LOW
DOC-00107,CLM-00030,2025-09-26 21:26:58,PNG,4475,medical_report,"MEDICAL ASSESSMENT REPORT. Patient: Anthony Rodriguez. Injury sustained during incident on 2025-11-30. Attending physician: Dr. Smith. Recommended treatment plan attached. Estimated cost: N$ 52,589. Form completed in person at the regional service counter. Customer contacted via telephone for confirmation. Additional photographic evidence submitted separately.",,0.632,LOW
DOC-00106,CLM-00045,2026-05-23 21:26:58,PNG,2854,id_document,NATIONAL IDENTITY DOCUMENT. Full Name: Angelica Tucker. ID Number: 454-81-2072. Date of Birth: 1959-08-25. Nationality: Namibian. Issued by Ministry of Home Affairs. Address updated on 2026-06-22. Client requested expedited processing due to urgency. Supporting documents received by email attachment. Follow-up scheduled with the claims handler within 5 working days.,,0.614,LOW
DOC-00144,CLM-00090,2026-09-16 21:26:58,PDF,2616,kyc_update,"KYC UPDATE FORM. Customer: Aimee Montoya. Previous Address: 9513 Miller Lock Apt. 411, West Daniel, FL 65555. New Address: 046 Thomas Manor, Rojastown, LA 25281. Reason for change: relocation. Verified by staff member on 2026-09-11. Follow-up scheduled with the claims handler within 5 working days.",,0.598,LOW
DOC-00015,CLM-00138,2026-08-13 21:26:58,PNG,993,id_document,NATIONAL IDENTITY DOCUMENT. Full Name: Jeffrey Chavez. ID Number: 474-53-0889. Date of Birth: 1963-06-25. Nationality: Namibian. Issued by Ministry of Home Affairs. Address updated on 2026-05-29.,DUPGRP-005,1.0,HIGH
DOC-00119,CLM-00114,2026-02-06 21:26:58,PNG,3200,claim_form,"INSURANCE CLAIM FORM. Claimant: Crystal Johnson. Policy Number: POL-184714. Date of Incident: 2026-03-02. Description: Vehicle damage sustained in a collision on Obrien Ridge. Estimated repair cost: N$ 19,942. Signed: Crystal Johnson. Supporting documents received by email attachment.",,0.682,LOW
DOC-00207,CLM-00095,2026-07-26 21:26:58,PNG,3486,bank_statement,"BANK STATEMENT EXTRACT. Account Holder: John Whitehead. Statement period: 2026-01-09 to 2025-11-26. Closing balance: N$ 63,176. Branch: Parsonsland. No prior claims recorded against this policy in the last 3 years.",,0.674,LOW
DOC-00037,CLM-00024,2026-02-07 21:26:58,PDF,109,investigation_note,INVESTIGATION NOTE. Case relates to claimant Carol Tucker. Flagged for review due to unusual document upload pattern following identity change on 2026-05-27. Staff override recorded by Kelly Hernandez.,DUPGRP-015,1.0,HIGH
DOC-00182,CLM-00025,2026-03-05 21:26:58,PNG,1635,claim_form,"INSURANCE CLAIM FORM. Claimant: Matthew Foster. Policy Number: POL-404309. Date of Incident: 2026-04-03. Description: Vehicle damage sustained in a collision on Cameron Crossroad. Estimated repair cost: N$ 55,305. Signed: Matthew Foster. Supporting documents received by email attachment.",,0.702,MEDIUM
DOC-00077,CLM-00014,2026-07-01 21:26:58,DOCX,1928,id_document,NATIONAL IDENTITY DOCUMENT. Full Name: Michele Williams. ID Number: 609-58-2910. Date of Birth: 1983-01-04. Nationality: Namibian. Issued by Ministry of Home Affairs. Address updated on 2026-07-04. Customer contacted via telephone for confirmation.,,0.802,MEDIUM
DOC-00058,CLM-00100,2026-04-30 21:26:58,DOCX,317,medical_report,"MEDICAL ASSESSMENT REPORT. Patient: Stephen Mckee. Injury sustained during incident on 2026-06-25. Attending physician: Dr. Li. Recommended treatment plan attached. Estimated cost: N$ 29,406. Case referenced against prior claim history for context. Client requested expedited processing due to urgency.",,0.695,LOW
DOC-00218,CLM-00036,2026-02-20 21:26:58,JPG,4350,bank_statement,"BANK STATEMENT EXTRACT. Account Holder: Jeffrey Chavez. Statement period: 2026-01-16 to 2026-07-10. Closing balance: N$ 42,299. Branch: Lake Lisa. Follow-up scheduled with the claims handler within 5 working days. Form completed in person at the regional service counter. Case referenced against prior claim history for context.",,0.582,LOW
