document_id,Customer_ID,Claim_ID,upload_time,file_type,file_size_kb,document_type,ocr_text,duplicate_group_id,linked_identity_change,document_similarity_score,document_similarity_flag
DOC-00001,CUST017562,CLM025767,2026-09-07 20:35:30,DOCX,172,id_document,NATIONAL IDENTITY DOCUMENT. Full Name: Allison Hill. ID Number: 792-38-1308. Date of Birth: 2000-04-26. Nationality: Namibian. Issued by Ministry of Home Affairs. Address updated on 2024-12-14. Additional photographic evidence submitted separately. Handled by branch office during standard working hours.,,1,0.687,LOW
DOC-00002,CUST002229,CLM039534,2026-05-06 20:35:30,DOCX,4223,investigation_note,INVESTIGATION NOTE. Case relates to claimant Matthew Foster. Flagged for review due to unusual document upload pattern following identity change on 2025-02-28. Staff override recorded by Pamela Moncivais.,DUPGRP-001,1,0.985,HIGH
DOC-00003,CUST012588,CLM012637,2026-09-16 20:35:30,PDF,1877,investigation_note,INVESTIGATION NOTE. Case relates to claimant Matthew Foster. Flagged for review due to unusual document upload pattern following identity change on 2025-04-05. Staff override recorded by Pamela Moncivais.,DUPGRP-001,1,0.985,HIGH
DOC-00004,CUST003244,CLM027608,2026-07-05 20:35:30,PNG,4267,investigation_note,INVESTIGATION NOTE. Case relates to claimant Shane Henderson. Flagged for review due to unusual document upload pattern following identity change on 2026-04-17. Staff override recorded by Joshua Blair. Follow-up scheduled with the claims handler within 5 working days.,,1,0.823,MEDIUM
DOC-00005,CUST006072,CLM002862,2026-08-09 20:35:30,DOCX,4185,kyc_update,"KYC UPDATE FORM. Customer: Carmen Smith. Previous Address: 5107 Charles Forest Suite 251, West Justin, NV 71701. New Address: 841 Joseph Coves, West Juan, IL 94559. Reason for change: relocation. Verified by staff member on 2026-05-05. Additional photographic evidence submitted separately.",,1,0.425,LOW
DOC-00006,CUST009778,CLM014425,2026-05-14 20:35:30,PDF,1254,id_document,NATIONAL IDENTITY DOCUMENT. Full Name: Michael Farrell. ID Number: 886-21-2901. Date of Birth: 2001-10-31. Nationality: Namibian. Issued by Ministry of Home Affairs. Address updated on 2025-07-07. Additional photographic evidence submitted separately. Supporting documents received by email attachment.,,1,0.676,LOW
DOC-00007,CUST017920,CLM041882,2026-03-25 20:35:30,PNG,702,investigation_note,INVESTIGATION NOTE. Case relates to claimant Jeffrey Chandler. Flagged for review due to unusual document upload pattern following identity change on 2025-02-17. Staff override recorded by Larry Dixon. Additional photographic evidence submitted separately. Supporting documents received by email attachment.,,1,0.801,MEDIUM
DOC-00008,CUST014397,CLM035028,2026-06-09 20:35:30,PNG,3713,investigation_note,INVESTIGATION NOTE. Case relates to claimant Robert Dominguez. Flagged for review due to unusual document upload pattern following identity change on 2026-04-25. Staff override recorded by Mary Baker.,DUPGRP-002,1,0.98,HIGH
DOC-00009,CUST012252,CLM027675,2026-06-02 20:35:30,JPG,3552,investigation_note,INVESTIGATION NOTE. Case relates to claimant Robert Dominguez. Flagged for review due to unusual document upload pattern following identity change on 2025-05-19. Staff override recorded by Mary Baker.,DUPGRP-002,1,1.0,HIGH
DOC-00010,CUST015009,CLM030012,2026-04-27 20:35:30,PNG,4104,investigation_note,INVESTIGATION NOTE. Case relates to claimant Robert Dominguez. Flagged for review due to unusual document upload pattern following identity change on 2025-05-19. Staff override recorded by Mary Baker.,DUPGRP-002,1,1.0,HIGH
DOC-00011,CUST014824,CLM019857,2026-06-09 20:35:30,DOCX,2315,claim_form,"INSURANCE CLAIM FORM. Claimant: Gabriel Juarez. Policy Number: POL-173680. Date of Incident: 2024-11-18. Description: Vehicle damage sustained in a collision on Catherine Summit. Estimated repair cost: N$ 6,916. Signed: Gabriel Juarez. Supporting documents received by email attachment.",,1,0.353,LOW
DOC-00012,CUST015131,CLM048621,2026-08-31 20:35:30,JPG,1743,id_document,NATIONAL IDENTITY DOCUMENT. Full Name: Tyler Reid. ID Number: 181-94-8549. Date of Birth: 2006-09-16. Nationality: Namibian. Issued by Ministry of Home Affairs. Address updated on 2026-01-19.,DUPGRP-003,1,1.0,HIGH
DOC-00013,CUST008657,CLM047294,2026-05-10 20:35:30,JPG,4397,id_document,NATIONAL IDENTITY DOCUMENT. Full Name: Tyler Reid. ID Number: 181-94-8549. Date of Birth: 2006-09-16. Nationality: Namibian. Issued by Ministry of Home Affairs. Address updated on 2026-01-19.,DUPGRP-003,1,1.0,HIGH
DOC-00014,CUST016520,CLM018317,2026-07-08 20:35:30,JPG,3344,id_document,NATIONAL IDENTITY DOCUMENT. Full Name: Tyler Reid. ID Number: 181-94-8549. Date of Birth: 2006-09-16. Nationality: Namibian. Issued by Ministry of Home Affairs. Address updated on 2026-01-19.,DUPGRP-003,1,1.0,HIGH
DOC-00015,CUST007168,CLM018470,2026-05-23 20:35:30,PNG,384,id_document,NATIONAL IDENTITY DOCUMENT. Full Name: Cynthia Alvarez. ID Number: 588-37-7691. Date of Birth: 1978-06-23. Nationality: Namibian. Issued by Ministry of Home Affairs. Address updated on 2024-12-30. Customer contacted via telephone for confirmation. Follow-up scheduled with the claims handler within 5 working days.,,1,0.669,LOW
DOC-00016,CUST011024,CLM001508,2026-07-31 20:35:30,PNG,3388,id_document,NATIONAL IDENTITY DOCUMENT. Full Name: Elizabeth Chapman. ID Number: 312-90-6595. Date of Birth: 2005-05-21. Nationality: Namibian. Issued by Ministry of Home Affairs. Address updated on 2025-01-11. Additional photographic evidence submitted separately.,,1,0.762,MEDIUM
DOC-00017,CUST014089,CLM030507,2026-07-17 20:35:30,JPG,1343,id_document,NATIONAL IDENTITY DOCUMENT. Full Name: Christopher Jenkins. ID Number: 484-32-7484. Date of Birth: 1982-09-07. Nationality: Namibian. Issued by Ministry of Home Affairs. Address updated on 2026-03-25.,DUPGRP-004,1,0.81,MEDIUM
DOC-00018,CUST010067,CLM036625,2026-08-29 20:35:30,DOCX,1596,id_document,NATIONAL IDENTITY DOCUMENT. Full Name: Christopher Jenkins. ID Number: 834-98-9013. Date of Birth: 1952-11-02. Nationality: Namibian. Issued by Ministry of Home Affairs. Address updated on 2026-05-18.,DUPGRP-004,1,0.815,MEDIUM
DOC-00019,CUST003358,CLM017507,2026-08-23 20:35:30,PDF,3019,claim_form,"INSURANCE CLAIM FORM. Claimant: Vincent Rivera. Policy Number: POL-564668. Date of Incident: 2026-08-04. Description: Vehicle damage sustained in a collision on Thomas Pines. Estimated repair cost: N$ 30,505. Signed: Vincent Rivera. Handled by branch office during standard working hours. Follow-up scheduled with the claims handler within 5 working days.",,1,0.71,MEDIUM
DOC-00020,CUST012086,CLM009146,2026-09-08 20:35:30,DOCX,1372,investigation_note,INVESTIGATION NOTE. Case relates to claimant William Barrett. Flagged for review due to unusual document upload pattern following identity change on 2025-09-22. Staff override recorded by Keith Jennings. Supporting documents received by email attachment. Handled by branch office during standard working hours.,,1,0.728,MEDIUM
DOC-00021,CUST011912,CLM048968,2026-06-28 20:35:30,PNG,970,id_document,NATIONAL IDENTITY DOCUMENT. Full Name: Brandy Chavez. ID Number: 337-19-9765. Date of Birth: 1950-11-16. Nationality: Namibian. Issued by Ministry of Home Affairs. Address updated on 2025-06-30. Additional photographic evidence submitted separately. Customer contacted via telephone for confirmation.,,1,0.687,LOW
DOC-00022,CUST005807,CLM029056,2026-05-20 20:35:30,PNG,3951,kyc_update,"KYC UPDATE FORM. Customer: Amanda Lutz. Previous Address: 6049 Bell Ports Apt. 273, West Meganstad, DE 37013. New Address: 998 Chelsea Shoals Suite 024, Sandrastad, AL 24278. Reason for change: relocation. Verified by staff member on 2025-02-08. Handled by branch office during standard working hours. Additional photographic evidence submitted separately.",,1,0.506,LOW
DOC-00023,CUST018006,CLM044047,2026-07-18 20:35:30,JPG,2529,investigation_note,INVESTIGATION NOTE. Case relates to claimant Kylie Morales. Flagged for review due to unusual document upload pattern following identity change on 2025-10-28. Staff override recorded by Mark Johnson. Handled by branch office during standard working hours. Follow-up scheduled with the claims handler within 5 working days.,,1,0.655,LOW
DOC-00024,CUST017372,CLM034710,2026-04-06 20:35:30,PNG,315,kyc_update,"KYC UPDATE FORM. Customer: Blake Harrell. Previous Address: 807 Marc Mountains Apt. 071, Toniland, NY 85190. New Address: 778 Michael Haven, Ortizmouth, TX 78867. Reason for change: relocation. Verified by staff member on 2026-09-01. Handled by branch office during standard working hours. Supporting documents received by email attachment.",,1,0.508,LOW
DOC-00025,CUST011930,CLM041514,2026-06-04 20:35:30,DOCX,901,investigation_note,INVESTIGATION NOTE. Case relates to claimant Mark Cook. Flagged for review due to unusual document upload pattern following identity change on 2025-07-07. Staff override recorded by Justin Hughes. Additional photographic evidence submitted separately.,,1,0.821,MEDIUM
DOC-00026,CUST010082,CLM005911,2026-09-09 20:35:30,PDF,2732,investigation_note,INVESTIGATION NOTE. Case relates to claimant Ashley Singleton. Flagged for review due to unusual document upload pattern following identity change on 2025-02-28. Staff override recorded by Dominique Hines. Supporting documents received by email attachment. Additional photographic evidence submitted separately.,,1,0.796,MEDIUM
DOC-00027,CUST016924,CLM045475,2026-09-14 20:35:30,DOCX,2072,id_document,NATIONAL IDENTITY DOCUMENT. Full Name: Ashley Perkins. ID Number: 348-24-8130. Date of Birth: 1990-11-07. Nationality: Namibian. Issued by Ministry of Home Affairs. Address updated on 2025-09-24. Additional photographic evidence submitted separately. Follow-up scheduled with the claims handler within 5 working days.,,1,0.673,LOW
DOC-00028,CUST001516,CLM035616,2026-07-31 20:35:30,PDF,1349,claim_form,"INSURANCE CLAIM FORM. Claimant: Austin Osborne. Policy Number: POL-780613. Date of Incident: 2026-05-18. Description: Vehicle damage sustained in a collision on Laura Pass. Estimated repair cost: N$ 1,780. Signed: Austin Osborne. Additional photographic evidence submitted separately.",,1,0.682,LOW
DOC-00029,CUST008727,CLM008616,2026-06-22 20:35:30,PNG,1874,claim_form,"INSURANCE CLAIM FORM. Claimant: Thomas Brown. Policy Number: POL-522096. Date of Incident: 2026-06-05. Description: Vehicle damage sustained in a collision on Scott Orchard. Estimated repair cost: N$ 81,473. Signed: Thomas Brown. Supporting documents received by email attachment.",,1,0.764,MEDIUM
DOC-00030,CUST002655,CLM003081,2026-04-14 20:35:30,PNG,4471,id_document,NATIONAL IDENTITY DOCUMENT. Full Name: James Bryant. ID Number: 342-61-8509. Date of Birth: 1977-03-20. Nationality: Namibian. Issued by Ministry of Home Affairs. Address updated on 2025-03-23. Customer contacted via telephone for confirmation.,,1,0.782,MEDIUM
DOC-00031,CUST006354,CLM007273,2026-04-03 20:35:30,JPG,728,kyc_update,"KYC UPDATE FORM. Customer: Michelle Hampton. Previous Address: 40415 Douglas Summit Suite 338, Sarahview, DC 14817. New Address: 08330 Robert Stravenue, Garciaberg, AL 72636. Reason for change: relocation. Verified by staff member on 2026-04-17. Customer contacted via telephone for confirmation.",,1,0.456,LOW
DOC-00032,CUST010600,CLM032556,2026-07-09 20:35:30,JPG,3448,kyc_update,"KYC UPDATE FORM. Customer: Brooke Delgado. Previous Address: 8516 Jack Dam Suite 530, Patrickmouth, WV 35496. New Address: USNV Aguilar, FPO AP 01999. Reason for change: relocation. Verified by staff member on 2026-07-24. Handled by branch office during standard working hours. Follow-up scheduled with the claims handler within 5 working days.",,1,0.485,LOW
DOC-00033,CUST018805,CLM012929,2026-05-08 20:35:30,PDF,3158,claim_form,"INSURANCE CLAIM FORM. Claimant: Ian Young. Policy Number: POL-839175. Date of Incident: 2026-02-13. Description: Vehicle damage sustained in a collision on Franklin Walk. Estimated repair cost: N$ 15,320. Signed: Ian Young. Additional photographic evidence submitted separately.",,1,0.773,MEDIUM
DOC-00034,CUST008397,CLM036516,2026-04-24 20:35:30,JPG,140,id_document,NATIONAL IDENTITY DOCUMENT. Full Name: Jacqueline Vance. ID Number: 458-77-0798. Date of Birth: 1964-11-26. Nationality: Namibian. Issued by Ministry of Home Affairs. Address updated on 2025-01-30. Follow-up scheduled with the claims handler within 5 working days. Additional photographic evidence submitted separately.,,1,0.739,MEDIUM
DOC-00035,CUST010712,CLM001755,2026-08-11 20:35:30,JPG,955,id_document,NATIONAL IDENTITY DOCUMENT. Full Name: Kara Atkinson. ID Number: 368-40-4286. Date of Birth: 1971-07-28. Nationality: Namibian. Issued by Ministry of Home Affairs. Address updated on 2025-09-19. Additional photographic evidence submitted separately. Handled by branch office during standard working hours.,,1,0.722,MEDIUM
DOC-00036,CUST019720,CLM019334,2026-08-24 20:35:30,PDF,2306,id_document,NATIONAL IDENTITY DOCUMENT. Full Name: Kimberly May. ID Number: 869-11-0520. Date of Birth: 1956-02-18. Nationality: Namibian. Issued by Ministry of Home Affairs. Address updated on 2026-03-11. Supporting documents received by email attachment. Follow-up scheduled with the claims handler within 5 working days.,,1,0.677,LOW
DOC-00037,CUST001065,CLM017538,2026-09-01 20:35:30,PDF,3133,claim_form,"INSURANCE CLAIM FORM. Claimant: Michelle Sanders. Policy Number: POL-581354. Date of Incident: 2024-11-27. Description: Vehicle damage sustained in a collision on Dawson Roads. Estimated repair cost: N$ 82,053. Signed: Michelle Sanders. Additional photographic evidence submitted separately.",,1,0.595,LOW
DOC-00038,CUST003319,CLM007061,2026-04-02 20:35:30,PNG,3295,investigation_note,INVESTIGATION NOTE. Case relates to claimant Derrick Adams. Flagged for review due to unusual document upload pattern following identity change on 2025-10-11. Staff override recorded by Christopher Hill. Handled by branch office during standard working hours.,,1,0.734,MEDIUM
DOC-00039,CUST014652,CLM000569,2026-04-03 20:35:30,DOCX,3313,kyc_update,"KYC UPDATE FORM. Customer: Ashley Wright. Previous Address: 382 Mark Meadow, Hallfurt, SC 24677. New Address: 0937 Price Squares Apt. 341, Port Monicaburgh, MN 43228. Reason for change: relocation. Verified by staff member on 2024-12-25. Supporting documents received by email attachment.",,1,0.634,LOW
DOC-00040,CUST003162,CLM045710,2026-07-08 20:35:30,PNG,4050,investigation_note,INVESTIGATION NOTE. Case relates to claimant Brian Lambert. Flagged for review due to unusual document upload pattern following identity change on 2024-10-08. Staff override recorded by Vincent Edwards MD. Supporting documents received by email attachment. Additional photographic evidence submitted separately.,,1,0.781,MEDIUM
DOC-00041,CUST007968,CLM007433,2026-07-17 20:35:30,JPG,421,id_document,NATIONAL IDENTITY DOCUMENT. Full Name: Gregory Montoya. ID Number: 643-54-6147. Date of Birth: 1976-12-04. Nationality: Namibian. Issued by Ministry of Home Affairs. Address updated on 2026-05-26. Supporting documents received by email attachment. Customer contacted via telephone for confirmation.,,1,0.705,MEDIUM
DOC-00042,CUST005065,CLM025367,2026-04-08 20:35:30,PNG,1614,kyc_update,"KYC UPDATE FORM. Customer: Brooke Bryant. Previous Address: 9731 Donald Crossing, Bellchester, MD 18828. New Address: 89994 Melanie Shoals, Jamiehaven, ID 98522. Reason for change: relocation. Verified by staff member on 2025-02-05. Supporting documents received by email attachment. Additional photographic evidence submitted separately.",,1,0.406,LOW
DOC-00043,CUST000214,CLM012772,2026-07-23 20:35:30,DOCX,1654,id_document,NATIONAL IDENTITY DOCUMENT. Full Name: Matthew Bowers. ID Number: 085-82-8792. Date of Birth: 1981-11-23. Nationality: Namibian. Issued by Ministry of Home Affairs. Address updated on 2025-01-28. Customer contacted via telephone for confirmation. Follow-up scheduled with the claims handler within 5 working days.,,1,0.665,LOW
DOC-00044,CUST015454,CLM000480,2026-05-23 20:35:30,DOCX,4454,claim_form,"INSURANCE CLAIM FORM. Claimant: Richard Adams. Policy Number: POL-663338. Date of Incident: 2025-05-24. Description: Vehicle damage sustained in a collision on Wayne Center. Estimated repair cost: N$ 13,310. Signed: Richard Adams. Supporting documents received by email attachment. Customer contacted via telephone for confirmation.",,1,0.693,LOW
DOC-00045,CUST006316,CLM047053,2026-06-22 20:35:30,DOCX,2700,claim_form,"INSURANCE CLAIM FORM. Claimant: Makayla Steele. Policy Number: POL-873646. Date of Incident: 2025-03-21. Description: Vehicle damage sustained in a collision on Eric Expressway. Estimated repair cost: N$ 67,998. Signed: Makayla Steele. Supporting documents received by email attachment. Customer contacted via telephone for confirmation.",,1,0.849,MEDIUM
DOC-00046,CUST002582,CLM025626,2026-06-12 20:35:30,DOCX,3131,investigation_note,INVESTIGATION NOTE. Case relates to claimant Joel Lara. Flagged for review due to unusual document upload pattern following identity change on 2024-11-06. Staff override recorded by Adam Greer. Customer contacted via telephone for confirmation. Handled by branch office during standard working hours.,,1,0.815,MEDIUM
DOC-00047,CUST004649,CLM014452,2026-08-30 20:35:30,PDF,4019,claim_form,"INSURANCE CLAIM FORM. Claimant: David Ferguson. Policy Number: POL-821710. Date of Incident: 2025-08-24. Description: Vehicle damage sustained in a collision on Nathaniel Shore. Estimated repair cost: N$ 60,014. Signed: David Ferguson. Follow-up scheduled with the claims handler within 5 working days.",,1,0.592,LOW
DOC-00048,CUST004560,CLM033942,2026-07-03 20:35:30,PDF,2874,kyc_update,"KYC UPDATE FORM. Customer: Mrs. Stacey Davis. Previous Address: 620 Mark Field, Terryside, KS 87086. New Address: 06987 Brian Alley, Millerfort, ID 13213. Reason for change: relocation. Verified by staff member on 2026-06-28. Supporting documents received by email attachment. Additional photographic evidence submitted separately.",,1,0.527,LOW
DOC-00049,CUST009240,CLM007694,2026-06-03 20:35:30,PNG,2804,investigation_note,INVESTIGATION NOTE. Case relates to claimant Christopher Carter. Flagged for review due to unusual document upload pattern following identity change on 2025-02-08. Staff override recorded by Ryan Parker. Additional photographic evidence submitted separately. Supporting documents received by email attachment.,,1,0.916,HIGH
DOC-00050,CUST017214,CLM048630,2026-09-06 20:35:30,JPG,2337,investigation_note,INVESTIGATION NOTE. Case relates to claimant Matthew Armstrong. Flagged for review due to unusual document upload pattern following identity change on 2026-06-14. Staff override recorded by Christopher Powell. Customer contacted via telephone for confirmation.,,1,0.68,LOW
DOC-00051,CUST001036,CLM013895,2026-08-02 20:35:30,DOCX,872,id_document,NATIONAL IDENTITY DOCUMENT. Full Name: Maria Byrd. ID Number: 284-34-4896. Date of Birth: 1961-08-20. Nationality: Namibian. Issued by Ministry of Home Affairs. Address updated on 2025-11-30. Follow-up scheduled with the claims handler within 5 working days. Handled by branch office during standard working hours.,,1,0.68,LOW
DOC-00052,CUST004892,CLM022825,2026-04-12 20:35:30,PNG,752,id_document,NATIONAL IDENTITY DOCUMENT. Full Name: Catherine Davis. ID Number: 215-98-2763. Date of Birth: 1984-02-19. Nationality: Namibian. Issued by Ministry of Home Affairs. Address updated on 2024-11-17. Customer contacted via telephone for confirmation.,,1,0.774,MEDIUM
DOC-00053,CUST003042,CLM006313,2026-07-20 20:35:30,JPG,2513,claim_form,"INSURANCE CLAIM FORM. Claimant: Joseph Warren. Policy Number: POL-565856. Date of Incident: 2024-09-21. Description: Vehicle damage sustained in a collision on Kevin Shore. Estimated repair cost: N$ 21,976. Signed: Joseph Warren. Follow-up scheduled with the claims handler within 5 working days. Supporting documents received by email attachment.",,1,0.619,LOW
DOC-00054,CUST017742,CLM038260,2026-08-10 20:35:30,JPG,1473,id_document,NATIONAL IDENTITY DOCUMENT. Full Name: Brian Andrews. ID Number: 872-62-6910. Date of Birth: 1988-05-05. Nationality: Namibian. Issued by Ministry of Home Affairs. Address updated on 2025-01-07. Handled by branch office during standard working hours. Additional photographic evidence submitted separately.,,1,0.673,LOW
DOC-00055,CUST009534,CLM026603,2026-08-03 20:35:30,DOCX,2598,kyc_update,"KYC UPDATE FORM. Customer: Krystal Levine. Previous Address: 99488 Diamond Motorway, Michaelton, GU 29719. New Address: 997 Baldwin Crescent Apt. 305, Mariaport, OH 68918. Reason for change: relocation. Verified by staff member on 2026-06-28. Supporting documents received by email attachment. Handled by branch office during standard working hours.",,1,0.5,LOW
DOC-00056,CUST012786,CLM014996,2026-07-23 20:35:30,PDF,3232,claim_form,"INSURANCE CLAIM FORM. Claimant: Brian Prince. Policy Number: POL-209423. Date of Incident: 2026-01-28. Description: Vehicle damage sustained in a collision on Joshua Junctions. Estimated repair cost: N$ 46,009. Signed: Brian Prince. Supporting documents received by email attachment. Additional photographic evidence submitted separately.",,1,0.701,MEDIUM
DOC-00057,CUST007877,CLM024188,2026-03-30 20:35:30,PNG,2215,kyc_update,"KYC UPDATE FORM. Customer: Brianna Brown. Previous Address: 863 Schwartz Causeway, Hughesmouth, OH 07552. New Address: 97359 Kimberly Fields Suite 721, East Jill, DE 49941. Reason for change: relocation. Verified by staff member on 2025-08-19.",DUPGRP-005,1,1.0,HIGH
DOC-00058,CUST019440,CLM008859,2026-04-09 20:35:30,JPG,2450,kyc_update,"KYC UPDATE FORM. Customer: Brianna Brown. Previous Address: 863 Schwartz Causeway, Hughesmouth, OH 07552. New Address: 97359 Kimberly Fields Suite 721, East Jill, DE 49941. Reason for change: relocation. Verified by staff member on 2025-08-19.",DUPGRP-005,1,1.0,HIGH
DOC-00059,CUST014941,CLM040286,2026-07-08 20:35:30,PDF,3778,investigation_note,INVESTIGATION NOTE. Case relates to claimant Douglas Baker. Flagged for review due to unusual document upload pattern following identity change on 2026-03-31. Staff override recorded by Jonathan Labonte.,DUPGRP-006,1,1.0,HIGH
DOC-00060,CUST004137,CLM035643,2026-09-03 20:35:30,DOCX,2143,investigation_note,INVESTIGATION NOTE. Case relates to claimant Douglas Baker. Flagged for review due to unusual document upload pattern following identity change on 2026-03-31. Staff override recorded by Jonathan Labonte.,DUPGRP-006,1,1.0,HIGH
DOC-00061,CUST008069,CLM005539,2026-04-14 20:35:30,PNG,3202,claim_form,"INSURANCE CLAIM FORM. Claimant: Jennifer Bailey. Policy Number: POL-616165. Date of Incident: 2026-08-23. Description: Vehicle damage sustained in a collision on Jason Roads. Estimated repair cost: N$ 46,315. Signed: Jennifer Bailey. Handled by branch office during standard working hours.",,1,0.782,MEDIUM
DOC-00062,CUST017931,CLM042387,2026-07-07 20:35:30,PNG,139,kyc_update,"KYC UPDATE FORM. Customer: Margaret Montgomery. Previous Address: USCGC Newman, FPO AE 38597. New Address: 39755 Emily Freeway Apt. 491, West Todd, MA 81286. Reason for change: relocation. Verified by staff member on 2026-01-15. Additional photographic evidence submitted separately.",,1,0.498,LOW
DOC-00063,CUST001438,CLM018469,2026-07-22 20:35:30,PDF,2530,claim_form,"INSURANCE CLAIM FORM. Claimant: Melissa Hernandez. Policy Number: POL-116359. Date of Incident: 2026-06-12. Description: Vehicle damage sustained in a collision on Michael Fork. Estimated repair cost: N$ 1,255. Signed: Melissa Hernandez. Handled by branch office during standard working hours. Supporting documents received by email attachment.",,1,0.717,MEDIUM
DOC-00064,CUST000926,CLM042619,2026-08-06 20:35:30,DOCX,1822,claim_form,"INSURANCE CLAIM FORM. Claimant: Rebecca Hughes. Policy Number: POL-710711. Date of Incident: 2026-08-25. Description: Vehicle damage sustained in a collision on Robert Isle. Estimated repair cost: N$ 47,573. Signed: Rebecca Hughes. Follow-up scheduled with the claims handler within 5 working days. Customer contacted via telephone for confirmation.",,1,0.718,MEDIUM
DOC-00065,CUST001475,CLM001260,2026-06-26 20:35:30,PNG,4417,claim_form,"INSURANCE CLAIM FORM. Claimant: Sharon Jackson DVM. Policy Number: POL-985945. Date of Incident: 2026-02-28. Description: Vehicle damage sustained in a collision on Penny Trail. Estimated repair cost: N$ 7,002. Signed: Sharon Jackson DVM. Customer contacted via telephone for confirmation. Handled by branch office during standard working hours.",,1,0.74,MEDIUM
DOC-00066,CUST013727,CLM023500,2026-06-27 20:35:30,PNG,2134,id_document,NATIONAL IDENTITY DOCUMENT. Full Name: Jeffery Richards. ID Number: 006-12-2382. Date of Birth: 1978-01-25. Nationality: Namibian. Issued by Ministry of Home Affairs. Address updated on 2024-10-04.,DUPGRP-007,1,0.924,HIGH
DOC-00067,CUST018636,CLM023654,2026-05-20 20:35:30,PDF,136,id_document,NATIONAL IDENTITY DOCUMENT. Full Name: Jeffery Richards. ID Number: 579-47-4515. Date of Birth: 2008-03-27. Nationality: Namibian. Issued by Ministry of Home Affairs. Address updated on 2024-10-10.,DUPGRP-007,1,1.0,HIGH
DOC-00068,CUST000099,CLM021659,2026-03-21 20:35:30,PNG,3009,id_document,NATIONAL IDENTITY DOCUMENT. Full Name: Jeffery Richards. ID Number: 579-47-4515. Date of Birth: 2008-03-27. Nationality: Namibian. Issued by Ministry of Home Affairs. Address updated on 2024-10-10.,DUPGRP-007,1,1.0,HIGH
DOC-00069,CUST009649,CLM023059,2026-04-03 20:35:30,PDF,1532,claim_form,"INSURANCE CLAIM FORM. Claimant: James Willis. Policy Number: POL-187707. Date of Incident: 2026-02-24. Description: Vehicle damage sustained in a collision on Angelica Parkway. Estimated repair cost: N$ 63,336. Signed: James Willis. Customer contacted via telephone for confirmation.",,1,0.382,LOW
DOC-00070,CUST007228,CLM027218,2026-04-05 20:35:30,PNG,1780,investigation_note,INVESTIGATION NOTE. Case relates to claimant Ethan Moses. Flagged for review due to unusual document upload pattern following identity change on 2026-02-07. Staff override recorded by Alexandra Collier. Follow-up scheduled with the claims handler within 5 working days. Supporting documents received by email attachment.,,1,0.668,LOW
DOC-00071,CUST014825,CLM014694,2026-06-20 20:35:30,JPG,2761,claim_form,"INSURANCE CLAIM FORM. Claimant: Kevin Nguyen. Policy Number: POL-713561. Date of Incident: 2024-11-05. Description: Vehicle damage sustained in a collision on Lopez Greens. Estimated repair cost: N$ 34,626. Signed: Kevin Nguyen.",DUPGRP-008,1,0.735,MEDIUM
DOC-00072,CUST019808,CLM007140,2026-05-26 20:35:30,JPG,509,claim_form,"INSURANCE CLAIM FORM. Claimant: Kevin Nguyen. Policy Number: POL-272286. Date of Incident: 2025-11-19. Description: Vehicle damage sustained in a collision on Gregory Parks. Estimated repair cost: N$ 48,479. Signed: Kevin Nguyen.",DUPGRP-008,1,0.67,LOW
DOC-00073,CUST005646,CLM009725,2026-08-12 20:35:30,DOCX,1635,claim_form,"INSURANCE CLAIM FORM. Claimant: Kevin Nguyen. Policy Number: POL-955830. Date of Incident: 2025-09-04. Description: Vehicle damage sustained in a collision on Austin Mountain. Estimated repair cost: N$ 27,922. Signed: Kevin Nguyen.",DUPGRP-008,1,0.513,LOW
DOC-00074,CUST012383,CLM017267,2026-08-24 20:35:30,DOCX,1360,kyc_update,"KYC UPDATE FORM. Customer: David Manning. Previous Address: 4564 Kevin Alley, West Justin, ND 01591. New Address: 4064 Laura Plaza Suite 368, Fosterburgh, VT 97116. Reason for change: relocation. Verified by staff member on 2024-11-16. Handled by branch office during standard working hours. Follow-up scheduled with the claims handler within 5 working days.",,1,0.463,LOW
DOC-00075,CUST018574,CLM020899,2026-08-23 20:35:30,PDF,1719,claim_form,"INSURANCE CLAIM FORM. Claimant: Sandra Walker. Policy Number: POL-993867. Date of Incident: 2025-10-18. Description: Vehicle damage sustained in a collision on Ford Turnpike. Estimated repair cost: N$ 38,636. Signed: Sandra Walker. Handled by branch office during standard working hours.",,1,0.751,MEDIUM
DOC-00076,CUST011825,CLM006401,2026-07-04 20:35:30,JPG,1580,investigation_note,INVESTIGATION NOTE. Case relates to claimant Anna Wade. Flagged for review due to unusual document upload pattern following identity change on 2025-03-13. Staff override recorded by James Ali. Handled by branch office during standard working hours.,,1,0.832,MEDIUM
DOC-00077,CUST015792,CLM029517,2026-06-10 20:35:30,PNG,3088,id_document,NATIONAL IDENTITY DOCUMENT. Full Name: Albert Vincent. ID Number: 726-08-4356. Date of Birth: 1981-05-24. Nationality: Namibian. Issued by Ministry of Home Affairs. Address updated on 2026-03-21.,DUPGRP-009,1,0.923,HIGH
DOC-00078,CUST002721,CLM001179,2026-04-29 20:35:30,PNG,602,id_document,NATIONAL IDENTITY DOCUMENT. Full Name: Albert Vincent. ID Number: 624-31-9227. Date of Birth: 1982-05-11. Nationality: Namibian. Issued by Ministry of Home Affairs. Address updated on 2026-04-18.,DUPGRP-009,0,0.933,HIGH
DOC-00079,CUST005171,CLM022899,2026-05-05 20:35:30,PNG,3727,id_document,NATIONAL IDENTITY DOCUMENT. Full Name: Albert Vincent. ID Number: 583-28-1265. Date of Birth: 1992-09-05. Nationality: Namibian. Issued by Ministry of Home Affairs. Address updated on 2026-01-27.,DUPGRP-009,0,0.928,HIGH
DOC-00080,CUST008077,CLM047432,2026-08-05 20:35:30,JPG,3587,investigation_note,INVESTIGATION NOTE. Case relates to claimant Nicholas Long. Flagged for review due to unusual document upload pattern following identity change on 2026-02-24. Staff override recorded by Kurt Wagner. Additional photographic evidence submitted separately. Customer contacted via telephone for confirmation.,,0,0.922,HIGH
DOC-00081,CUST006257,CLM028172,2026-08-28 20:35:30,PDF,2090,investigation_note,INVESTIGATION NOTE. Case relates to claimant Jamie Escobar. Flagged for review due to unusual document upload pattern following identity change on 2024-09-20. Staff override recorded by Dawn Brown. Customer contacted via telephone for confirmation.,,0,0.804,MEDIUM
DOC-00082,CUST009296,CLM034362,2026-06-02 20:35:30,PNG,3799,investigation_note,INVESTIGATION NOTE. Case relates to claimant Sheryl Gutierrez. Flagged for review due to unusual document upload pattern following identity change on 2025-07-08. Staff override recorded by Jeremy Peck. Supporting documents received by email attachment.,,0,0.799,MEDIUM
DOC-00083,CUST003075,CLM009549,2026-06-02 20:35:30,JPG,374,id_document,NATIONAL IDENTITY DOCUMENT. Full Name: Todd Armstrong. ID Number: 184-59-9672. Date of Birth: 2002-09-18. Nationality: Namibian. Issued by Ministry of Home Affairs. Address updated on 2025-01-25. Supporting documents received by email attachment.,,0,0.792,MEDIUM
DOC-00084,CUST019427,CLM012142,2026-06-26 20:35:30,DOCX,254,id_document,NATIONAL IDENTITY DOCUMENT. Full Name: Carla Thomas. ID Number: 051-14-6832. Date of Birth: 2008-05-07. Nationality: Namibian. Issued by Ministry of Home Affairs. Address updated on 2024-11-20. Supporting documents received by email attachment.,,0,0.78,MEDIUM
DOC-00085,CUST016812,CLM047552,2026-04-16 20:35:30,PDF,460,investigation_note,INVESTIGATION NOTE. Case relates to claimant Veronica Rice. Flagged for review due to unusual document upload pattern following identity change on 2024-12-30. Staff override recorded by Nathaniel Jacobs. Supporting documents received by email attachment. Additional photographic evidence submitted separately.,,0,0.679,LOW
DOC-00086,CUST015865,CLM033515,2026-05-05 20:35:30,PDF,3500,claim_form,"INSURANCE CLAIM FORM. Claimant: Michael Marsh. Policy Number: POL-207583. Date of Incident: 2025-02-07. Description: Vehicle damage sustained in a collision on Jamie Camp. Estimated repair cost: N$ 27,979. Signed: Michael Marsh. Supporting documents received by email attachment. Handled by branch office during standard working hours.",,0,0.624,LOW
DOC-00087,CUST012100,CLM003993,2026-07-04 20:35:30,JPG,1012,id_document,NATIONAL IDENTITY DOCUMENT. Full Name: Gregory Flores. ID Number: 188-90-5413. Date of Birth: 1996-06-17. Nationality: Namibian. Issued by Ministry of Home Affairs. Address updated on 2025-01-24. Customer contacted via telephone for confirmation. Follow-up scheduled with the claims handler within 5 working days.,,0,0.911,HIGH
DOC-00088,CUST000815,CLM048843,2026-07-25 20:35:30,PDF,722,kyc_update,"KYC UPDATE FORM. Customer: Leslie Mueller. Previous Address: 58008 Rodriguez Haven Apt. 369, Garrettfurt, MO 50513. New Address: 272 Angela Ville, Maryberg, LA 88327. Reason for change: relocation. Verified by staff member on 2025-01-22. Additional photographic evidence submitted separately. Follow-up scheduled with the claims handler within 5 working days.",,0,0.492,LOW
DOC-00089,CUST010377,CLM034892,2026-05-04 20:35:30,DOCX,1637,kyc_update,"KYC UPDATE FORM. Customer: Adam Wong. Previous Address: 894 Rebecca Place, South Shawnfort, OK 96683. New Address: 4209 Acosta Port Suite 079, New Brett, LA 97150. Reason for change: relocation. Verified by staff member on 2026-03-20. Customer contacted via telephone for confirmation.",,0,0.51,LOW
DOC-00090,CUST006899,CLM024918,2026-03-29 20:35:30,PNG,3720,kyc_update,"KYC UPDATE FORM. Customer: Donna Miller. Previous Address: 8366 Baker Pines Suite 047, Gregoryhaven, TX 05877. New Address: 9454 Lang Glens Suite 739, New Matthew, UT 24083. Reason for change: relocation. Verified by staff member on 2025-10-18. Handled by branch office during standard working hours.",,0,0.536,LOW
DOC-00091,CUST006547,CLM049274,2026-06-04 20:35:30,PNG,2853,id_document,NATIONAL IDENTITY DOCUMENT. Full Name: Adam Smith. ID Number: 538-14-7307. Date of Birth: 1971-02-05. Nationality: Namibian. Issued by Ministry of Home Affairs. Address updated on 2026-09-07.,DUPGRP-010,0,1.0,HIGH
DOC-00092,CUST007095,CLM036321,2026-08-11 20:35:30,DOCX,3660,id_document,NATIONAL IDENTITY DOCUMENT. Full Name: Adam Smith. ID Number: 538-14-7307. Date of Birth: 1971-02-05. Nationality: Namibian. Issued by Ministry of Home Affairs. Address updated on 2026-09-07.,DUPGRP-010,0,1.0,HIGH
DOC-00093,CUST007348,CLM018850,2026-03-22 20:35:30,JPG,1843,id_document,NATIONAL IDENTITY DOCUMENT. Full Name: Adam Smith. ID Number: 392-50-5451. Date of Birth: 2008-06-23. Nationality: Namibian. Issued by Ministry of Home Affairs. Address updated on 2026-06-24.,DUPGRP-010,0,0.906,HIGH
DOC-00094,CUST009302,CLM031652,2026-08-21 20:35:30,PNG,181,kyc_update,"KYC UPDATE FORM. Customer: James Smith. Previous Address: 8700 Brown Turnpike Apt. 613, Bentleyside, FL 97632. New Address: 27079 John Run, North Gerald, AR 40784. Reason for change: relocation. Verified by staff member on 2026-06-05. Follow-up scheduled with the claims handler within 5 working days. Handled by branch office during standard working hours.",,0,0.529,LOW
DOC-00095,CUST010753,CLM021972,2026-05-29 20:35:30,DOCX,1044,investigation_note,INVESTIGATION NOTE. Case relates to claimant Anne Carr. Flagged for review due to unusual document upload pattern following identity change on 2026-04-23. Staff override recorded by Amy Roth. Follow-up scheduled with the claims handler within 5 working days. Additional photographic evidence submitted separately.,,0,0.804,MEDIUM
DOC-00096,CUST013043,CLM023039,2026-04-18 20:35:30,DOCX,2757,claim_form,"INSURANCE CLAIM FORM. Claimant: Tracy Wells. Policy Number: POL-248918. Date of Incident: 2025-07-10. Description: Vehicle damage sustained in a collision on Ernest Cape. Estimated repair cost: N$ 12,433. Signed: Tracy Wells.",DUPGRP-011,0,0.836,MEDIUM
DOC-00097,CUST010437,CLM035972,2026-05-13 20:35:30,PNG,1754,claim_form,"INSURANCE CLAIM FORM. Claimant: Tracy Wells. Policy Number: POL-515711. Date of Incident: 2025-04-27. Description: Vehicle damage sustained in a collision on Thomas Oval. Estimated repair cost: N$ 59,886. Signed: Tracy Wells.",DUPGRP-011,0,0.471,LOW
DOC-00098,CUST004451,CLM002045,2026-05-14 20:35:30,PDF,808,investigation_note,INVESTIGATION NOTE. Case relates to claimant Sara Ramirez. Flagged for review due to unusual document upload pattern following identity change on 2025-12-04. Staff override recorded by Nancy Wright. Follow-up scheduled with the claims handler within 5 working days. Supporting documents received by email attachment.,,0,0.686,LOW
DOC-00099,CUST012092,CLM017725,2026-06-22 20:35:30,PNG,1726,claim_form,"INSURANCE CLAIM FORM. Claimant: Patricia Taylor. Policy Number: POL-834814. Date of Incident: 2026-06-09. Description: Vehicle damage sustained in a collision on Peter Fall. Estimated repair cost: N$ 33,668. Signed: Patricia Taylor. Customer contacted via telephone for confirmation. Additional photographic evidence submitted separately.",,0,0.64,LOW
DOC-00100,CUST018401,CLM037829,2026-07-17 20:35:30,PNG,3474,kyc_update,"KYC UPDATE FORM. Customer: David Washington. Previous Address: Unit 8854 Box 7492, DPO AP 95992. New Address: PSC 7517, Box 0281, APO AA 03751. Reason for change: relocation. Verified by staff member on 2024-11-12.",DUPGRP-012,0,0.629,LOW
DOC-00101,CUST007895,CLM011859,2026-08-29 20:35:30,PNG,3217,kyc_update,"KYC UPDATE FORM. Customer: David Washington. Previous Address: 842 Mary Square, East John, AZ 42001. New Address: 5238 Elizabeth Key Apt. 578, New Kevin, PW 03767. Reason for change: relocation. Verified by staff member on 2024-11-23.",DUPGRP-012,0,0.643,LOW
DOC-00102,CUST011143,CLM028743,2026-08-01 20:35:30,PNG,1749,kyc_update,"KYC UPDATE FORM. Customer: David Washington. Previous Address: 834 Andrew Plain, Rhodesland, NY 52198. New Address: 980 Sanders Stravenue Suite 565, West Michaelport, NV 74036. Reason for change: relocation. Verified by staff member on 2025-03-29.",DUPGRP-012,0,0.57,LOW
DOC-00103,CUST017476,CLM009071,2026-04-01 20:35:30,DOCX,1218,id_document,NATIONAL IDENTITY DOCUMENT. Full Name: Nicholas Wallace. ID Number: 295-54-2939. Date of Birth: 1979-03-29. Nationality: Namibian. Issued by Ministry of Home Affairs. Address updated on 2024-12-29. Follow-up scheduled with the claims handler within 5 working days. Additional photographic evidence submitted separately.,,0,0.68,LOW
DOC-00104,CUST019883,CLM014989,2026-08-26 20:35:30,PDF,2676,claim_form,"INSURANCE CLAIM FORM. Claimant: Thomas Kelly. Policy Number: POL-146671. Date of Incident: 2026-08-16. Description: Vehicle damage sustained in a collision on Robert Club. Estimated repair cost: N$ 36,221. Signed: Thomas Kelly. Follow-up scheduled with the claims handler within 5 working days.",,0,0.702,MEDIUM
DOC-00105,CUST016903,CLM024788,2026-09-17 20:35:30,JPG,2261,claim_form,"INSURANCE CLAIM FORM. Claimant: Adam Davis. Policy Number: POL-114955. Date of Incident: 2026-07-30. Description: Vehicle damage sustained in a collision on Scott Coves. Estimated repair cost: N$ 10,880. Signed: Adam Davis.",DUPGRP-013,0,0.422,LOW
DOC-00106,CUST005786,CLM003519,2026-05-29 20:35:30,JPG,3369,claim_form,"INSURANCE CLAIM FORM. Claimant: Adam Davis. Policy Number: POL-102235. Date of Incident: 2025-09-18. Description: Vehicle damage sustained in a collision on Samantha Ford. Estimated repair cost: N$ 8,309. Signed: Adam Davis.",DUPGRP-013,0,0.484,LOW
DOC-00107,CUST015364,CLM017389,2026-04-08 20:35:30,JPG,1487,claim_form,"INSURANCE CLAIM FORM. Claimant: Adam Davis. Policy Number: POL-921662. Date of Incident: 2025-11-15. Description: Vehicle damage sustained in a collision on Kim Shoals. Estimated repair cost: N$ 33,878. Signed: Adam Davis.",DUPGRP-013,0,0.901,HIGH
DOC-00108,CUST008980,CLM026725,2026-04-22 20:35:30,PNG,294,kyc_update,"KYC UPDATE FORM. Customer: Oscar Greer. Previous Address: 4796 Miranda Haven, Bryanshire, AZ 17304. New Address: 905 Davis Key Suite 650, East Jimmy, ME 78165. Reason for change: relocation. Verified by staff member on 2025-08-31. Handled by branch office during standard working hours. Supporting documents received by email attachment.",,0,0.421,LOW
DOC-00109,CUST007058,CLM040638,2026-08-28 20:35:30,JPG,3784,claim_form,"INSURANCE CLAIM FORM. Claimant: Michael Melton. Policy Number: POL-805372. Date of Incident: 2025-05-17. Description: Vehicle damage sustained in a collision on Simmons Key. Estimated repair cost: N$ 75,368. Signed: Michael Melton. Follow-up scheduled with the claims handler within 5 working days. Supporting documents received by email attachment.",,0,0.734,MEDIUM
DOC-00110,CUST011916,CLM048727,2026-06-07 20:35:30,DOCX,3273,investigation_note,INVESTIGATION NOTE. Case relates to claimant Debra Mitchell. Flagged for review due to unusual document upload pattern following identity change on 2026-04-02. Staff override recorded by Michael Young. Customer contacted via telephone for confirmation.,,0,0.788,MEDIUM
DOC-00111,CUST006779,CLM030132,2026-08-23 20:35:30,DOCX,205,id_document,NATIONAL IDENTITY DOCUMENT. Full Name: Alisha Rasmussen. ID Number: 819-07-3927. Date of Birth: 1965-05-20. Nationality: Namibian. Issued by Ministry of Home Affairs. Address updated on 2026-01-29.,DUPGRP-014,0,1.0,HIGH
DOC-00112,CUST011823,CLM036343,2026-04-15 20:35:30,PNG,714,id_document,NATIONAL IDENTITY DOCUMENT. Full Name: Alisha Rasmussen. ID Number: 054-83-3011. Date of Birth: 1987-04-05. Nationality: Namibian. Issued by Ministry of Home Affairs. Address updated on 2025-05-27.,DUPGRP-014,0,0.919,HIGH
DOC-00113,CUST004109,CLM012653,2026-06-16 20:35:30,JPG,2011,id_document,NATIONAL IDENTITY DOCUMENT. Full Name: Alisha Rasmussen. ID Number: 819-07-3927. Date of Birth: 1965-05-20. Nationality: Namibian. Issued by Ministry of Home Affairs. Address updated on 2026-01-29.,DUPGRP-014,0,1.0,HIGH
DOC-00114,CUST006089,CLM007036,2026-04-03 20:35:30,PNG,2010,id_document,NATIONAL IDENTITY DOCUMENT. Full Name: Travis Leblanc. ID Number: 597-88-7507. Date of Birth: 1955-09-07. Nationality: Namibian. Issued by Ministry of Home Affairs. Address updated on 2026-03-15.,DUPGRP-015,0,0.918,HIGH
DOC-00115,CUST005501,CLM031836,2026-07-21 20:35:30,PNG,3854,id_document,NATIONAL IDENTITY DOCUMENT. Full Name: Travis Leblanc. ID Number: 204-34-2765. Date of Birth: 1953-08-06. Nationality: Namibian. Issued by Ministry of Home Affairs. Address updated on 2025-05-19.,DUPGRP-015,0,0.923,HIGH
DOC-00116,CUST018706,CLM044900,2026-05-18 20:35:30,PDF,140,kyc_update,"KYC UPDATE FORM. Customer: Walter Hansen. Previous Address: 28499 Brandy Avenue Apt. 613, Rhodesmouth, AK 37762. New Address: 5915 Anthony Mount, Gibsonview, PA 86747. Reason for change: relocation. Verified by staff member on 2025-01-12. Customer contacted via telephone for confirmation.",,0,0.472,LOW
DOC-00117,CUST004174,CLM020881,2026-04-07 20:35:30,PDF,3002,id_document,NATIONAL IDENTITY DOCUMENT. Full Name: Wayne Douglas. ID Number: 615-55-1479. Date of Birth: 1994-08-03. Nationality: Namibian. Issued by Ministry of Home Affairs. Address updated on 2025-06-01. Customer contacted via telephone for confirmation.,,0,0.856,MEDIUM
DOC-00118,CUST008948,CLM013559,2026-07-04 20:35:30,DOCX,1697,id_document,NATIONAL IDENTITY DOCUMENT. Full Name: Kristen Lowery. ID Number: 097-60-9314. Date of Birth: 1997-11-08. Nationality: Namibian. Issued by Ministry of Home Affairs. Address updated on 2026-08-26.,DUPGRP-016,0,1.0,HIGH
DOC-00119,CUST006265,CLM009568,2026-06-06 20:35:30,JPG,224,id_document,NATIONAL IDENTITY DOCUMENT. Full Name: Kristen Lowery. ID Number: 097-60-9314. Date of Birth: 1997-11-08. Nationality: Namibian. Issued by Ministry of Home Affairs. Address updated on 2026-08-26.,DUPGRP-016,0,1.0,HIGH
DOC-00120,CUST016576,CLM024073,2026-05-12 20:35:30,PNG,1042,id_document,NATIONAL IDENTITY DOCUMENT. Full Name: Kristen Lowery. ID Number: 014-22-7818. Date of Birth: 1977-05-26. Nationality: Namibian. Issued by Ministry of Home Affairs. Address updated on 2026-06-08.,DUPGRP-016,0,0.918,HIGH
DOC-00121,CUST017371,CLM007959,2026-06-07 20:35:30,DOCX,1683,kyc_update,"KYC UPDATE FORM. Customer: John Smith. Previous Address: 341 Anderson Flats, New Travis, WY 55024. New Address: USCGC Torres, FPO AE 73485. Reason for change: relocation. Verified by staff member on 2026-02-07. Additional photographic evidence submitted separately.",,0,0.693,LOW
DOC-00122,CUST004532,CLM027151,2026-05-07 20:35:30,DOCX,1814,kyc_update,"KYC UPDATE FORM. Customer: Albert Ibarra. Previous Address: 8214 Espinoza Mall Suite 328, Cobbberg, AS 56707. New Address: 8507 Kayla Stravenue Apt. 155, Holdenburgh, NE 08557. Reason for change: relocation. Verified by staff member on 2025-08-15. Follow-up scheduled with the claims handler within 5 working days. Supporting documents received by email attachment.",,0,0.392,LOW
DOC-00123,CUST007723,CLM033135,2026-09-08 20:35:30,DOCX,81,investigation_note,INVESTIGATION NOTE. Case relates to claimant Andrew Nielsen. Flagged for review due to unusual document upload pattern following identity change on 2025-05-01. Staff override recorded by Kenneth Levine. Handled by branch office during standard working hours.,,0,0.889,MEDIUM
DOC-00124,CUST006842,CLM048034,2026-05-31 20:35:30,PDF,1354,investigation_note,INVESTIGATION NOTE. Case relates to claimant Brenda Gray. Flagged for review due to unusual document upload pattern following identity change on 2026-08-26. Staff override recorded by Ashley Black. Supporting documents received by email attachment.,,0,0.794,MEDIUM
DOC-00125,CUST014998,CLM018161,2026-08-30 20:35:30,PDF,1632,investigation_note,INVESTIGATION NOTE. Case relates to claimant Mary Hernandez. Flagged for review due to unusual document upload pattern following identity change on 2025-10-31. Staff override recorded by Ann Weber. Additional photographic evidence submitted separately.,,0,0.801,MEDIUM
DOC-00126,CUST011993,CLM016577,2026-06-05 20:35:30,JPG,3884,claim_form,"INSURANCE CLAIM FORM. Claimant: Paul Cruz Jr.. Policy Number: POL-734605. Date of Incident: 2026-06-22. Description: Vehicle damage sustained in a collision on Aaron Orchard. Estimated repair cost: N$ 52,518. Signed: Paul Cruz Jr.. Additional photographic evidence submitted separately.",,0,0.692,LOW
DOC-00127,CUST009827,CLM027451,2026-07-21 20:35:30,PNG,3273,claim_form,"INSURANCE CLAIM FORM. Claimant: April Smith. Policy Number: POL-506343. Date of Incident: 2026-01-28. Description: Vehicle damage sustained in a collision on Jackson Fields. Estimated repair cost: N$ 55,311. Signed: April Smith. Follow-up scheduled with the claims handler within 5 working days. Additional photographic evidence submitted separately.",,0,0.626,LOW
DOC-00128,CUST003515,CLM044153,2026-04-23 20:35:30,DOCX,1184,id_document,NATIONAL IDENTITY DOCUMENT. Full Name: Peter Stephenson. ID Number: 387-41-1066. Date of Birth: 1996-02-08. Nationality: Namibian. Issued by Ministry of Home Affairs. Address updated on 2024-12-17. Customer contacted via telephone for confirmation.,,0,0.777,MEDIUM
DOC-00129,CUST011087,CLM044018,2026-08-22 20:35:30,PNG,850,investigation_note,INVESTIGATION NOTE. Case relates to claimant Jordan Kelly. Flagged for review due to unusual document upload pattern following identity change on 2026-04-20. Staff override recorded by Mr. Cody Taylor. Supporting documents received by email attachment.,,0,0.888,MEDIUM
DOC-00130,CUST015591,CLM046318,2026-09-13 20:35:30,JPG,3343,kyc_update,"KYC UPDATE FORM. Customer: Gina Spencer. Previous Address: 8725 Fox Orchard Suite 749, Littleshire, SD 05298. New Address: 3634 Oneal Ports, Port Neil, OH 11610. Reason for change: relocation. Verified by staff member on 2024-10-29. Follow-up scheduled with the claims handler within 5 working days. Supporting documents received by email attachment.",,0,0.415,LOW
DOC-00131,CUST009860,CLM019445,2026-07-02 20:35:30,PDF,2593,id_document,NATIONAL IDENTITY DOCUMENT. Full Name: Bradley Wallace. ID Number: 477-66-5512. Date of Birth: 1975-06-04. Nationality: Namibian. Issued by Ministry of Home Affairs. Address updated on 2025-12-30.,DUPGRP-017,0,0.913,HIGH
DOC-00132,CUST010745,CLM014518,2026-06-26 20:35:30,DOCX,652,id_document,NATIONAL IDENTITY DOCUMENT. Full Name: Bradley Wallace. ID Number: 289-45-6617. Date of Birth: 2005-07-27. Nationality: Namibian. Issued by Ministry of Home Affairs. Address updated on 2024-09-28.,DUPGRP-017,0,0.913,HIGH
DOC-00133,CUST010589,CLM009073,2026-08-26 20:35:30,JPG,1374,id_document,NATIONAL IDENTITY DOCUMENT. Full Name: Bradley Wallace. ID Number: 436-88-6609. Date of Birth: 1994-12-15. Nationality: Namibian. Issued by Ministry of Home Affairs. Address updated on 2026-06-08.,DUPGRP-017,0,0.908,HIGH
DOC-00134,CUST014578,CLM035035,2026-06-02 20:35:30,DOCX,663,investigation_note,INVESTIGATION NOTE. Case relates to claimant Eddie Warren. Flagged for review due to unusual document upload pattern following identity change on 2024-10-02. Staff override recorded by Jacob Smith. Customer contacted via telephone for confirmation.,,0,0.754,MEDIUM
DOC-00135,CUST007684,CLM024659,2026-08-31 20:35:30,PNG,877,id_document,NATIONAL IDENTITY DOCUMENT. Full Name: Kimberly Estrada. ID Number: 859-03-9945. Date of Birth: 1956-07-16. Nationality: Namibian. Issued by Ministry of Home Affairs. Address updated on 2026-06-19.,DUPGRP-018,0,0.919,HIGH
DOC-00136,CUST010867,CLM026651,2026-04-29 20:35:30,PDF,3886,id_document,NATIONAL IDENTITY DOCUMENT. Full Name: Kimberly Estrada. ID Number: 015-44-3149. Date of Birth: 1990-02-23. Nationality: Namibian. Issued by Ministry of Home Affairs. Address updated on 2026-05-16.,DUPGRP-018,0,0.919,HIGH
DOC-00137,CUST018409,CLM005941,2026-05-17 20:35:30,PNG,633,claim_form,"INSURANCE CLAIM FORM. Claimant: Howard Thompson. Policy Number: POL-354303. Date of Incident: 2025-10-02. Description: Vehicle damage sustained in a collision on Valdez Bridge. Estimated repair cost: N$ 73,041. Signed: Howard Thompson.",DUPGRP-019,0,1.0,HIGH
DOC-00138,CUST000541,CLM046413,2026-04-20 20:35:30,JPG,4152,claim_form,"INSURANCE CLAIM FORM. Claimant: Howard Thompson. Policy Number: POL-354303. Date of Incident: 2025-10-02. Description: Vehicle damage sustained in a collision on Valdez Bridge. Estimated repair cost: N$ 73,041. Signed: Howard Thompson.",DUPGRP-019,0,1.0,HIGH
DOC-00139,CUST009723,CLM019790,2026-05-22 20:35:30,DOCX,142,investigation_note,INVESTIGATION NOTE. Case relates to claimant Joann Dixon. Flagged for review due to unusual document upload pattern following identity change on 2026-04-04. Staff override recorded by Kathy Bush. Additional photographic evidence submitted separately. Customer contacted via telephone for confirmation.,,0,0.745,MEDIUM
DOC-00140,CUST009950,CLM045006,2026-06-15 20:35:30,DOCX,2298,kyc_update,"KYC UPDATE FORM. Customer: Jeff Obrien. Previous Address: Unit 1601 Box 6923, DPO AA 33958. New Address: 750 House Street Apt. 370, Crystaltown, UT 87752. Reason for change: relocation. Verified by staff member on 2025-07-25. Follow-up scheduled with the claims handler within 5 working days. Additional photographic evidence submitted separately.",,0,0.541,LOW
DOC-00141,CUST007949,CLM047532,2026-08-18 20:35:30,DOCX,1236,investigation_note,INVESTIGATION NOTE. Case relates to claimant Deborah Gibson. Flagged for review due to unusual document upload pattern following identity change on 2026-08-10. Staff override recorded by Dawn Guzman. Follow-up scheduled with the claims handler within 5 working days. Handled by branch office during standard working hours.,,0,0.786,MEDIUM
DOC-00142,CUST018173,CLM025862,2026-09-02 20:35:30,JPG,1060,claim_form,"INSURANCE CLAIM FORM. Claimant: Derek Moses. Policy Number: POL-110587. Date of Incident: 2024-09-21. Description: Vehicle damage sustained in a collision on Collin Pike. Estimated repair cost: N$ 68,358. Signed: Derek Moses.",DUPGRP-020,0,0.327,LOW
DOC-00143,CUST015547,CLM042134,2026-04-19 20:35:30,PDF,3668,claim_form,"INSURANCE CLAIM FORM. Claimant: Derek Moses. Policy Number: POL-188257. Date of Incident: 2026-05-03. Description: Vehicle damage sustained in a collision on Harrell Locks. Estimated repair cost: N$ 72,551. Signed: Derek Moses.",DUPGRP-020,0,0.42,LOW
DOC-00144,CUST013540,CLM048769,2026-06-01 20:35:30,JPG,1479,id_document,NATIONAL IDENTITY DOCUMENT. Full Name: Michelle Johnson. ID Number: 576-56-3824. Date of Birth: 1963-09-04. Nationality: Namibian. Issued by Ministry of Home Affairs. Address updated on 2025-06-30. Handled by branch office during standard working hours. Supporting documents received by email attachment.,,0,0.69,LOW
DOC-00145,CUST012182,CLM037179,2026-04-12 20:35:30,DOCX,1825,id_document,NATIONAL IDENTITY DOCUMENT. Full Name: Mr. Kyle Thomas DDS. ID Number: 312-59-2682. Date of Birth: 1984-03-09. Nationality: Namibian. Issued by Ministry of Home Affairs. Address updated on 2026-07-14. Additional photographic evidence submitted separately.,,0,0.759,MEDIUM
DOC-00146,CUST005526,CLM011960,2026-05-19 20:35:30,JPG,2050,investigation_note,INVESTIGATION NOTE. Case relates to claimant Tracy Sims. Flagged for review due to unusual document upload pattern following identity change on 2026-03-09. Staff override recorded by Andrew Allen. Additional photographic evidence submitted separately.,,0,0.801,MEDIUM
DOC-00147,CUST017464,CLM021853,2026-07-05 20:35:30,PNG,2273,id_document,NATIONAL IDENTITY DOCUMENT. Full Name: Tony Smith. ID Number: 649-90-3157. Date of Birth: 1992-02-24. Nationality: Namibian. Issued by Ministry of Home Affairs. Address updated on 2025-05-23. Customer contacted via telephone for confirmation. Follow-up scheduled with the claims handler within 5 working days.,,0,0.672,LOW
DOC-00148,CUST012781,CLM001073,2026-06-09 20:35:30,DOCX,4315,id_document,NATIONAL IDENTITY DOCUMENT. Full Name: Becky Fox. ID Number: 450-46-7679. Date of Birth: 1979-11-03. Nationality: Namibian. Issued by Ministry of Home Affairs. Address updated on 2025-12-02.,DUPGRP-021,0,0.926,HIGH
DOC-00149,CUST012062,CLM031139,2026-04-20 20:35:30,DOCX,2397,id_document,NATIONAL IDENTITY DOCUMENT. Full Name: Becky Fox. ID Number: 502-13-8667. Date of Birth: 1970-12-12. Nationality: Namibian. Issued by Ministry of Home Affairs. Address updated on 2026-03-17.,DUPGRP-021,0,0.926,HIGH
DOC-00150,CUST013168,CLM012379,2026-07-27 20:35:30,PNG,4002,id_document,NATIONAL IDENTITY DOCUMENT. Full Name: Becky Fox. ID Number: 691-98-8578. Date of Birth: 2003-02-17. Nationality: Namibian. Issued by Ministry of Home Affairs. Address updated on 2025-12-05.,DUPGRP-021,0,0.911,HIGH
DOC-00151,CUST006528,CLM007252,2026-06-15 20:35:30,PNG,1069,id_document,NATIONAL IDENTITY DOCUMENT. Full Name: Jeffrey Gonzalez. ID Number: 800-52-8223. Date of Birth: 1992-10-26. Nationality: Namibian. Issued by Ministry of Home Affairs. Address updated on 2026-05-28.,DUPGRP-022,0,0.949,HIGH
DOC-00152,CUST007759,CLM041038,2026-04-10 20:35:30,PDF,515,id_document,NATIONAL IDENTITY DOCUMENT. Full Name: Jeffrey Gonzalez. ID Number: 830-14-8231. Date of Birth: 1986-02-26. Nationality: Namibian. Issued by Ministry of Home Affairs. Address updated on 2025-09-28.,DUPGRP-022,0,0.954,HIGH
DOC-00153,CUST015544,CLM035513,2026-07-29 20:35:30,JPG,4259,claim_form,"INSURANCE CLAIM FORM. Claimant: Steven White. Policy Number: POL-764636. Date of Incident: 2026-05-16. Description: Vehicle damage sustained in a collision on Crystal Rapids. Estimated repair cost: N$ 52,563. Signed: Steven White.",DUPGRP-023,0,0.876,MEDIUM
DOC-00154,CUST010913,CLM035980,2026-08-05 20:35:30,PDF,1231,claim_form,"INSURANCE CLAIM FORM. Claimant: Steven White. Policy Number: POL-202105. Date of Incident: 2025-06-21. Description: Vehicle damage sustained in a collision on Laura Square. Estimated repair cost: N$ 6,804. Signed: Steven White.",DUPGRP-023,0,0.9,HIGH
DOC-00155,CUST014353,CLM007934,2026-04-10 20:35:30,DOCX,4136,claim_form,"INSURANCE CLAIM FORM. Claimant: Steven White. Policy Number: POL-452947. Date of Incident: 2025-11-30. Description: Vehicle damage sustained in a collision on Joseph Turnpike. Estimated repair cost: N$ 30,358. Signed: Steven White.",DUPGRP-023,0,0.83,MEDIUM
DOC-00156,CUST011022,CLM036649,2026-07-18 20:35:30,DOCX,814,investigation_note,INVESTIGATION NOTE. Case relates to claimant Madison Pierce. Flagged for review due to unusual document upload pattern following identity change on 2026-05-07. Staff override recorded by Connie Adams. Follow-up scheduled with the claims handler within 5 working days. Supporting documents received by email attachment.,,0,0.771,MEDIUM
DOC-00157,CUST012984,CLM020215,2026-09-02 20:35:30,PNG,3965,id_document,NATIONAL IDENTITY DOCUMENT. Full Name: Allison Simmons. ID Number: 805-62-1103. Date of Birth: 1957-04-10. Nationality: Namibian. Issued by Ministry of Home Affairs. Address updated on 2024-11-02. Handled by branch office during standard working hours.,,0,0.765,MEDIUM
DOC-00158,CUST008527,CLM041524,2026-09-15 20:35:30,PNG,4267,claim_form,"INSURANCE CLAIM FORM. Claimant: John Anderson. Policy Number: POL-272605. Date of Incident: 2024-12-22. Description: Vehicle damage sustained in a collision on Kaitlin Square. Estimated repair cost: N$ 28,755. Signed: John Anderson. Handled by branch office during standard working hours.",,0,0.623,LOW
DOC-00159,CUST012307,CLM045198,2026-08-13 20:35:30,DOCX,4442,kyc_update,"KYC UPDATE FORM. Customer: Julie Edwards. Previous Address: 9503 Martin Coves, East Carlaport, ID 72812. New Address: 41990 Williams Island, West Alanstad, WV 37516. Reason for change: relocation. Verified by staff member on 2025-06-24.",DUPGRP-024,0,0.586,LOW
DOC-00160,CUST009394,CLM007188,2026-08-12 20:35:30,DOCX,1890,kyc_update,"KYC UPDATE FORM. Customer: Julie Edwards. Previous Address: 6818 Andrew Underpass, Woodston, LA 21632. New Address: 13322 West Curve Suite 459, Williamsfurt, IA 27871. Reason for change: relocation. Verified by staff member on 2025-02-14.",DUPGRP-024,0,0.586,LOW
DOC-00161,CUST003224,CLM029715,2026-05-26 20:35:30,PDF,3062,claim_form,"INSURANCE CLAIM FORM. Claimant: Lisa Rubio DDS. Policy Number: POL-358729. Date of Incident: 2025-06-27. Description: Vehicle damage sustained in a collision on Joyce Gardens. Estimated repair cost: N$ 47,646. Signed: Lisa Rubio DDS. Handled by branch office during standard working hours.",,0,0.763,MEDIUM
DOC-00162,CUST002203,CLM015689,2026-03-22 20:35:30,DOCX,950,id_document,NATIONAL IDENTITY DOCUMENT. Full Name: John Bowman. ID Number: 364-89-9345. Date of Birth: 1973-04-12. Nationality: Namibian. Issued by Ministry of Home Affairs. Address updated on 2024-11-28.,DUPGRP-025,0,0.917,HIGH
DOC-00163,CUST016775,CLM039505,2026-07-01 20:35:30,PNG,3469,id_document,NATIONAL IDENTITY DOCUMENT. Full Name: John Bowman. ID Number: 793-49-1023. Date of Birth: 2005-01-09. Nationality: Namibian. Issued by Ministry of Home Affairs. Address updated on 2024-10-13.,DUPGRP-025,0,0.906,HIGH
DOC-00164,CUST014070,CLM049410,2026-06-28 20:35:30,DOCX,1224,id_document,NATIONAL IDENTITY DOCUMENT. Full Name: Daniel Lee. ID Number: 034-86-4750. Date of Birth: 2000-02-10. Nationality: Namibian. Issued by Ministry of Home Affairs. Address updated on 2026-03-06. Follow-up scheduled with the claims handler within 5 working days.,,0,0.751,MEDIUM
DOC-00165,CUST017663,CLM027753,2026-05-16 20:35:30,DOCX,1685,kyc_update,"KYC UPDATE FORM. Customer: Jenna Jensen. Previous Address: 0412 Danielle Prairie Apt. 179, North Donaldview, MH 24176. New Address: 3617 Robert Oval Apt. 366, Cynthiamouth, AS 21617. Reason for change: relocation. Verified by staff member on 2025-07-30. Customer contacted via telephone for confirmation. Handled by branch office during standard working hours.",,0,0.555,LOW
DOC-00166,CUST010534,CLM035486,2026-09-16 20:35:30,JPG,1666,investigation_note,INVESTIGATION NOTE. Case relates to claimant Adam White. Flagged for review due to unusual document upload pattern following identity change on 2026-07-25. Staff override recorded by Lisa Johnson. Handled by branch office during standard working hours. Additional photographic evidence submitted separately.,,0,0.824,MEDIUM
DOC-00167,CUST000765,CLM031958,2026-08-02 20:35:30,DOCX,2068,claim_form,"INSURANCE CLAIM FORM. Claimant: Adam Murphy. Policy Number: POL-158608. Date of Incident: 2026-09-02. Description: Vehicle damage sustained in a collision on Bradley Islands. Estimated repair cost: N$ 51,666. Signed: Adam Murphy.",DUPGRP-026,0,0.385,LOW
DOC-00168,CUST009105,CLM023975,2026-06-21 20:35:30,JPG,2912,claim_form,"INSURANCE CLAIM FORM. Claimant: Adam Murphy. Policy Number: POL-240692. Date of Incident: 2024-12-28. Description: Vehicle damage sustained in a collision on Anderson Lodge. Estimated repair cost: N$ 72,005. Signed: Adam Murphy.",DUPGRP-026,0,0.315,LOW
DOC-00169,CUST011586,CLM031627,2026-07-05 20:35:30,PNG,3260,kyc_update,"KYC UPDATE FORM. Customer: Jackie Leach. Previous Address: 7281 Jeffery Lakes Suite 798, Port Ricardo, CA 36917. New Address: 127 Julie Garden Apt. 724, South Dorothymouth, MI 35310. Reason for change: relocation. Verified by staff member on 2025-09-26. Customer contacted via telephone for confirmation.",,0,0.446,LOW
DOC-00170,CUST004047,CLM015897,2026-06-14 20:35:30,DOCX,998,investigation_note,INVESTIGATION NOTE. Case relates to claimant Joshua Gomez. Flagged for review due to unusual document upload pattern following identity change on 2025-10-26. Staff override recorded by James Jordan. Additional photographic evidence submitted separately. Handled by branch office during standard working hours.,,0,0.816,MEDIUM
DOC-00171,CUST019263,CLM010151,2026-06-23 20:35:30,DOCX,4098,claim_form,"INSURANCE CLAIM FORM. Claimant: Andrew Smith. Policy Number: POL-647680. Date of Incident: 2026-08-23. Description: Vehicle damage sustained in a collision on Joseph Springs. Estimated repair cost: N$ 2,819. Signed: Andrew Smith. Follow-up scheduled with the claims handler within 5 working days. Customer contacted via telephone for confirmation.",,0,0.493,LOW
DOC-00172,CUST007243,CLM012057,2026-03-28 20:35:30,JPG,1616,id_document,NATIONAL IDENTITY DOCUMENT. Full Name: Robert Smith. ID Number: 644-60-8943. Date of Birth: 1961-05-06. Nationality: Namibian. Issued by Ministry of Home Affairs. Address updated on 2026-01-01. Supporting documents received by email attachment.,,0,0.784,MEDIUM
DOC-00173,CUST016906,CLM026869,2026-05-24 20:35:30,JPG,2375,kyc_update,"KYC UPDATE FORM. Customer: Devin Andersen. Previous Address: 791 Thomas Brooks Apt. 232, South Timothy, LA 87996. New Address: 4661 Butler Manors Apt. 047, New Pedroshire, ME 04968. Reason for change: relocation. Verified by staff member on 2026-08-03. Handled by branch office during standard working hours.",,0,0.466,LOW
DOC-00174,CUST015260,CLM035824,2026-05-16 20:35:30,JPG,158,id_document,NATIONAL IDENTITY DOCUMENT. Full Name: Stephanie Harvey. ID Number: 488-42-3794. Date of Birth: 2007-08-18. Nationality: Namibian. Issued by Ministry of Home Affairs. Address updated on 2025-01-21. Customer contacted via telephone for confirmation.,,0,0.755,MEDIUM
DOC-00175,CUST017270,CLM032243,2026-06-06 20:35:30,PDF,2858,kyc_update,"KYC UPDATE FORM. Customer: Tyler Davis. Previous Address: 1893 Ross Centers, New Thomasview, SD 04430. New Address: 3502 Amy Street Suite 037, Port Stacyton, MI 09776. Reason for change: relocation. Verified by staff member on 2025-07-30. Handled by branch office during standard working hours.",,0,0.504,LOW
DOC-00176,CUST005509,CLM042716,2026-09-11 20:35:30,DOCX,136,claim_form,"INSURANCE CLAIM FORM. Claimant: Linda Salazar. Policy Number: POL-740357. Date of Incident: 2025-08-15. Description: Vehicle damage sustained in a collision on Burgess Valley. Estimated repair cost: N$ 80,530. Signed: Linda Salazar. Customer contacted via telephone for confirmation.",,0,0.707,MEDIUM
DOC-00177,CUST000228,CLM017596,2026-06-26 20:35:30,JPG,3426,id_document,NATIONAL IDENTITY DOCUMENT. Full Name: Steven Flores. ID Number: 189-85-7063. Date of Birth: 1981-08-05. Nationality: Namibian. Issued by Ministry of Home Affairs. Address updated on 2025-04-02. Supporting documents received by email attachment. Customer contacted via telephone for confirmation.,,0,0.692,LOW
DOC-00178,CUST000866,CLM016267,2026-09-11 20:35:30,PNG,1553,investigation_note,INVESTIGATION NOTE. Case relates to claimant Cynthia Velez MD. Flagged for review due to unusual document upload pattern following identity change on 2025-12-27. Staff override recorded by Denise Lutz. Customer contacted via telephone for confirmation. Additional photographic evidence submitted separately.,,0,0.741,MEDIUM
DOC-00179,CUST002394,CLM027348,2026-05-26 20:35:30,PNG,1422,claim_form,"INSURANCE CLAIM FORM. Claimant: Martin Liu. Policy Number: POL-804239. Date of Incident: 2026-06-30. Description: Vehicle damage sustained in a collision on Adams Villages. Estimated repair cost: N$ 35,205. Signed: Martin Liu. Customer contacted via telephone for confirmation.",,0,0.762,MEDIUM
DOC-00180,CUST019916,CLM046859,2026-06-04 20:35:30,PDF,4476,investigation_note,INVESTIGATION NOTE. Case relates to claimant William Johnston. Flagged for review due to unusual document upload pattern following identity change on 2025-08-12. Staff override recorded by Patricia Yoder. Supporting documents received by email attachment.,,0,0.888,MEDIUM
DOC-00181,CUST003614,CLM038726,2026-07-17 20:35:30,PDF,3670,investigation_note,INVESTIGATION NOTE. Case relates to claimant Monica Jordan. Flagged for review due to unusual document upload pattern following identity change on 2026-04-27. Staff override recorded by Shawn Edwards. Follow-up scheduled with the claims handler within 5 working days.,,0,0.818,MEDIUM
DOC-00182,CUST008617,CLM032873,2026-08-07 20:35:30,PDF,2624,claim_form,"INSURANCE CLAIM FORM. Claimant: Amanda Watts. Policy Number: POL-389913. Date of Incident: 2026-06-17. Description: Vehicle damage sustained in a collision on Anna Islands. Estimated repair cost: N$ 71,011. Signed: Amanda Watts. Customer contacted via telephone for confirmation. Follow-up scheduled with the claims handler within 5 working days.",,0,0.675,LOW
DOC-00183,CUST003707,CLM004690,2026-05-07 20:35:30,JPG,3443,id_document,NATIONAL IDENTITY DOCUMENT. Full Name: Kristen Pena. ID Number: 076-65-6806. Date of Birth: 1951-11-17. Nationality: Namibian. Issued by Ministry of Home Affairs. Address updated on 2025-09-18.,DUPGRP-027,0,0.943,HIGH
DOC-00184,CUST017984,CLM048502,2026-04-02 20:35:30,PDF,2061,id_document,NATIONAL IDENTITY DOCUMENT. Full Name: Kristen Pena. ID Number: 547-65-4008. Date of Birth: 1972-11-21. Nationality: Namibian. Issued by Ministry of Home Affairs. Address updated on 2025-05-07.,DUPGRP-027,0,0.943,HIGH
DOC-00185,CUST004085,CLM019282,2026-06-04 20:35:30,PNG,3330,id_document,NATIONAL IDENTITY DOCUMENT. Full Name: Kristen Pena. ID Number: 161-69-6481. Date of Birth: 2000-07-29. Nationality: Namibian. Issued by Ministry of Home Affairs. Address updated on 2026-03-16.,DUPGRP-027,0,0.917,HIGH
DOC-00186,CUST012704,CLM000176,2026-04-16 20:35:30,DOCX,3852,kyc_update,"KYC UPDATE FORM. Customer: Kara Sharp. Previous Address: 595 Donald Pike Apt. 958, Thomasborough, MA 98380. New Address: 87056 Edward Cliff, West Jacquelineborough, UT 12801. Reason for change: relocation. Verified by staff member on 2025-08-12. Follow-up scheduled with the claims handler within 5 working days. Additional photographic evidence submitted separately.",,0,0.401,LOW
DOC-00187,CUST012639,CLM015692,2026-07-06 20:35:30,PDF,3892,id_document,NATIONAL IDENTITY DOCUMENT. Full Name: Erin Brown. ID Number: 141-66-7204. Date of Birth: 1975-05-21. Nationality: Namibian. Issued by Ministry of Home Affairs. Address updated on 2024-12-03. Additional photographic evidence submitted separately. Follow-up scheduled with the claims handler within 5 working days.,,0,0.673,LOW
DOC-00188,CUST007397,CLM021569,2026-06-10 20:35:30,DOCX,3339,claim_form,"INSURANCE CLAIM FORM. Claimant: Hannah Coleman. Policy Number: POL-468151. Date of Incident: 2025-11-04. Description: Vehicle damage sustained in a collision on Robert Vista. Estimated repair cost: N$ 21,863. Signed: Hannah Coleman.",DUPGRP-028,0,0.904,HIGH
DOC-00189,CUST002781,CLM035758,2026-04-04 20:35:30,PDF,1247,claim_form,"INSURANCE CLAIM FORM. Claimant: Hannah Coleman. Policy Number: POL-888900. Date of Incident: 2024-10-27. Description: Vehicle damage sustained in a collision on Patrick Fall. Estimated repair cost: N$ 28,731. Signed: Hannah Coleman.",DUPGRP-028,0,0.792,MEDIUM
DOC-00190,CUST005267,CLM035535,2026-09-16 20:35:30,PNG,3140,claim_form,"INSURANCE CLAIM FORM. Claimant: Hannah Coleman. Policy Number: POL-463278. Date of Incident: 2025-12-25. Description: Vehicle damage sustained in a collision on Thompson Summit. Estimated repair cost: N$ 77,876. Signed: Hannah Coleman.",DUPGRP-028,0,0.561,LOW
DOC-00191,CUST011327,CLM035801,2026-06-26 20:35:30,JPG,418,kyc_update,"KYC UPDATE FORM. Customer: Russell Nelson. Previous Address: 8720 Moore Port Apt. 654, West Holly, NY 72801. New Address: 83437 Johnson Crescent Apt. 727, Nathanfurt, TN 77622. Reason for change: relocation. Verified by staff member on 2024-12-01.",DUPGRP-029,0,0.594,LOW
DOC-00192,CUST010999,CLM026688,2026-07-26 20:35:30,PNG,3633,kyc_update,"KYC UPDATE FORM. Customer: Russell Nelson. Previous Address: 125 Martin Plains Apt. 079, Watkinschester, VA 52842. New Address: 5957 Evans Wells, Port Sarah, NY 14637. Reason for change: relocation. Verified by staff member on 2025-12-20.",DUPGRP-029,0,0.507,LOW
DOC-00193,CUST010214,CLM048266,2026-08-12 20:35:30,PDF,2704,claim_form,"INSURANCE CLAIM FORM. Claimant: Raymond Finley. Policy Number: POL-287562. Date of Incident: 2026-04-14. Description: Vehicle damage sustained in a collision on Smith Estate. Estimated repair cost: N$ 28,302. Signed: Raymond Finley.",DUPGRP-030,0,0.424,LOW
DOC-00194,CUST004897,CLM022937,2026-03-28 20:35:30,PDF,1938,claim_form,"INSURANCE CLAIM FORM. Claimant: Raymond Finley. Policy Number: POL-219132. Date of Incident: 2025-12-22. Description: Vehicle damage sustained in a collision on Watkins Estates. Estimated repair cost: N$ 42,353. Signed: Raymond Finley.",DUPGRP-030,0,0.916,HIGH
DOC-00195,CUST017073,CLM023277,2026-04-26 20:35:30,JPG,3893,investigation_note,INVESTIGATION NOTE. Case relates to claimant Nicole Melendez. Flagged for review due to unusual document upload pattern following identity change on 2025-04-26. Staff override recorded by Brenda Lopez. Follow-up scheduled with the claims handler within 5 working days. Customer contacted via telephone for confirmation.,,0,0.755,MEDIUM
DOC-00196,CUST014979,CLM012015,2026-05-30 20:35:30,PDF,2484,investigation_note,INVESTIGATION NOTE. Case relates to claimant Parker Wright. Flagged for review due to unusual document upload pattern following identity change on 2025-10-19. Staff override recorded by Brandon Acosta. Customer contacted via telephone for confirmation. Follow-up scheduled with the claims handler within 5 working days.,,0,0.716,MEDIUM
DOC-00197,CUST010856,CLM045824,2026-08-03 20:35:30,PNG,3676,id_document,NATIONAL IDENTITY DOCUMENT. Full Name: Richard Reid. ID Number: 599-22-5762. Date of Birth: 1983-06-23. Nationality: Namibian. Issued by Ministry of Home Affairs. Address updated on 2025-09-19. Additional photographic evidence submitted separately. Supporting documents received by email attachment.,,0,0.701,MEDIUM
DOC-00198,CUST007926,CLM039566,2026-05-27 20:35:30,DOCX,4488,investigation_note,INVESTIGATION NOTE. Case relates to claimant Melissa Schultz. Flagged for review due to unusual document upload pattern following identity change on 2025-06-27. Staff override recorded by Kathryn Patel. Follow-up scheduled with the claims handler within 5 working days. Customer contacted via telephone for confirmation.,,0,0.785,MEDIUM
DOC-00199,CUST005015,CLM032589,2026-04-17 20:35:30,PDF,3905,kyc_update,"KYC UPDATE FORM. Customer: Melanie Russell. Previous Address: 7494 Kathleen Drive Suite 035, Jenniferport, VT 21250. New Address: 7422 Catherine Walks Suite 430, New Kevin, OR 02082. Reason for change: relocation. Verified by staff member on 2026-03-04. Supporting documents received by email attachment.",,0,0.417,LOW
DOC-00200,CUST019375,CLM011595,2026-07-12 20:35:30,DOCX,1692,investigation_note,INVESTIGATION NOTE. Case relates to claimant Nathan Mcgee. Flagged for review due to unusual document upload pattern following identity change on 2026-04-13. Staff override recorded by Jennifer Montgomery MD. Additional photographic evidence submitted separately. Supporting documents received by email attachment.,,0,0.625,LOW
DOC-00201,CUST001150,CLM035419,2026-09-07 20:35:30,DOCX,3668,claim_form,"INSURANCE CLAIM FORM. Claimant: Stephen Williams. Policy Number: POL-610080. Date of Incident: 2026-04-22. Description: Vehicle damage sustained in a collision on Rodriguez Throughway. Estimated repair cost: N$ 55,311. Signed: Stephen Williams. Additional photographic evidence submitted separately.",,0,0.695,LOW
DOC-00202,CUST014674,CLM030086,2026-04-07 20:35:30,DOCX,1794,kyc_update,"KYC UPDATE FORM. Customer: Brittney Moore. Previous Address: 797 Kimberly Loaf Suite 349, Brownton, SC 45418. New Address: 4172 Mark Trail Suite 229, Audreyside, CO 57944. Reason for change: relocation. Verified by staff member on 2026-03-18. Customer contacted via telephone for confirmation. Follow-up scheduled with the claims handler within 5 working days.",,0,0.471,LOW
DOC-00203,CUST006348,CLM022733,2026-06-04 20:35:30,PDF,1992,investigation_note,INVESTIGATION NOTE. Case relates to claimant Kenneth Farmer. Flagged for review due to unusual document upload pattern following identity change on 2025-05-13. Staff override recorded by Joseph Carter. Handled by branch office during standard working hours.,,0,0.819,MEDIUM
DOC-00204,CUST016381,CLM033653,2026-08-31 20:35:30,PNG,3657,id_document,NATIONAL IDENTITY DOCUMENT. Full Name: Lauren Saunders. ID Number: 027-57-3418. Date of Birth: 1972-10-10. Nationality: Namibian. Issued by Ministry of Home Affairs. Address updated on 2025-12-01. Supporting documents received by email attachment. Handled by branch office during standard working hours.,,0,0.695,LOW
DOC-00205,CUST008225,CLM035841,2026-04-17 20:35:30,PNG,3107,claim_form,"INSURANCE CLAIM FORM. Claimant: Tracy Copeland. Policy Number: POL-694199. Date of Incident: 2025-05-17. Description: Vehicle damage sustained in a collision on Stout Greens. Estimated repair cost: N$ 80,989. Signed: Tracy Copeland. Additional photographic evidence submitted separately. Handled by branch office during standard working hours.",,0,0.681,LOW
DOC-00206,CUST008432,CLM040734,2026-07-23 20:35:30,DOCX,1682,id_document,NATIONAL IDENTITY DOCUMENT. Full Name: Carlos Dunlap. ID Number: 465-80-4306. Date of Birth: 1982-05-16. Nationality: Namibian. Issued by Ministry of Home Affairs. Address updated on 2025-10-17. Customer contacted via telephone for confirmation. Supporting documents received by email attachment.,,0,0.682,LOW
DOC-00207,CUST013430,CLM000257,2026-05-14 20:35:30,PDF,4179,claim_form,"INSURANCE CLAIM FORM. Claimant: William Miller. Policy Number: POL-955877. Date of Incident: 2025-03-20. Description: Vehicle damage sustained in a collision on Morris Stravenue. Estimated repair cost: N$ 21,354. Signed: William Miller. Handled by branch office during standard working hours. Follow-up scheduled with the claims handler within 5 working days.",,0,0.731,MEDIUM
DOC-00208,CUST003631,CLM038778,2026-08-04 20:35:30,PNG,3707,claim_form,"INSURANCE CLAIM FORM. Claimant: Rodney Weaver. Policy Number: POL-729942. Date of Incident: 2026-03-02. Description: Vehicle damage sustained in a collision on Hernandez Throughway. Estimated repair cost: N$ 7,249. Signed: Rodney Weaver.",DUPGRP-031,0,0.882,MEDIUM
DOC-00209,CUST011359,CLM038242,2026-07-13 20:35:30,DOCX,2100,claim_form,"INSURANCE CLAIM FORM. Claimant: Rodney Weaver. Policy Number: POL-430348. Date of Incident: 2025-08-23. Description: Vehicle damage sustained in a collision on Conway Route. Estimated repair cost: N$ 47,674. Signed: Rodney Weaver.",DUPGRP-031,0,0.801,MEDIUM
DOC-00210,CUST007733,CLM038518,2026-08-30 20:35:30,JPG,3486,id_document,NATIONAL IDENTITY DOCUMENT. Full Name: Sarah Berry. ID Number: 361-79-8819. Date of Birth: 1993-08-15. Nationality: Namibian. Issued by Ministry of Home Affairs. Address updated on 2025-03-28. Follow-up scheduled with the claims handler within 5 working days.,,0,0.762,MEDIUM
DOC-00211,CUST006948,CLM019678,2026-08-15 20:35:30,DOCX,2665,kyc_update,"KYC UPDATE FORM. Customer: Michael Melendez. Previous Address: 3585 Susan Dale Suite 389, North Tina, WY 67013. New Address: 93583 Adams Villages Apt. 797, Garzaland, GA 03399. Reason for change: relocation. Verified by staff member on 2025-06-22. Customer contacted via telephone for confirmation. Follow-up scheduled with the claims handler within 5 working days.",,0,0.552,LOW
DOC-00212,CUST001465,CLM029031,2026-06-05 20:35:30,DOCX,4382,kyc_update,"KYC UPDATE FORM. Customer: Kristin Brown. Previous Address: USS Rivera, FPO AE 53395. New Address: 6725 Cody Knoll Apt. 647, East Jorgeborough, IN 46533. Reason for change: relocation. Verified by staff member on 2024-11-10. Supporting documents received by email attachment.",,0,0.572,LOW
DOC-00213,CUST019029,CLM010103,2026-04-27 20:35:30,DOCX,2463,claim_form,"INSURANCE CLAIM FORM. Claimant: Miss Gina Walton. Policy Number: POL-590074. Date of Incident: 2026-03-08. Description: Vehicle damage sustained in a collision on Tyler Rapids. Estimated repair cost: N$ 26,509. Signed: Miss Gina Walton. Additional photographic evidence submitted separately.",,0,0.659,LOW
DOC-00214,CUST014602,CLM041295,2026-04-26 20:35:30,PNG,1225,kyc_update,"KYC UPDATE FORM. Customer: Kelly Sherman. Previous Address: 503 Stephen Ferry, Lake Luke, VT 27188. New Address: 63140 Donna Village, Traceyfurt, GU 30434. Reason for change: relocation. Verified by staff member on 2025-07-21. Handled by branch office during standard working hours.",,0,0.542,LOW
DOC-00215,CUST015003,CLM024990,2026-04-26 20:35:30,JPG,391,claim_form,"INSURANCE CLAIM FORM. Claimant: Ryan Williams. Policy Number: POL-818774. Date of Incident: 2026-04-20. Description: Vehicle damage sustained in a collision on Mitchell Heights. Estimated repair cost: N$ 6,304. Signed: Ryan Williams. Handled by branch office during standard working hours.",,0,0.619,LOW
DOC-00216,CUST017903,CLM046806,2026-03-29 20:35:30,PNG,2461,claim_form,"INSURANCE CLAIM FORM. Claimant: Tiffany Peterson. Policy Number: POL-471149. Date of Incident: 2024-12-06. Description: Vehicle damage sustained in a collision on Patrick Port. Estimated repair cost: N$ 28,052. Signed: Tiffany Peterson. Follow-up scheduled with the claims handler within 5 working days. Supporting documents received by email attachment.",,0,0.85,MEDIUM
DOC-00217,CUST002501,CLM012253,2026-06-24 20:35:30,PDF,521,investigation_note,INVESTIGATION NOTE. Case relates to claimant Dr. Isabel Smith PhD. Flagged for review due to unusual document upload pattern following identity change on 2024-09-18. Staff override recorded by Joe Page. Additional photographic evidence submitted separately. Follow-up scheduled with the claims handler within 5 working days.,,0,0.713,MEDIUM
DOC-00218,CUST014913,CLM002196,2026-07-08 20:35:30,DOCX,2181,id_document,NATIONAL IDENTITY DOCUMENT. Full Name: Megan Buchanan. ID Number: 546-80-6713. Date of Birth: 1959-11-22. Nationality: Namibian. Issued by Ministry of Home Affairs. Address updated on 2025-07-07. Customer contacted via telephone for confirmation. Follow-up scheduled with the claims handler within 5 working days.,,0,0.688,LOW
DOC-00219,CUST013512,CLM024617,2026-05-19 20:35:30,PNG,2189,kyc_update,"KYC UPDATE FORM. Customer: Gerald Miller. Previous Address: 6046 Richardson Passage Suite 652, Jenniferside, ID 64572. New Address: 1581 Lisa Valley, East Charlesstad, CA 20686. Reason for change: relocation. Verified by staff member on 2024-11-19. Customer contacted via telephone for confirmation.",,0,0.424,LOW
DOC-00220,CUST015359,CLM020277,2026-08-22 20:35:30,DOCX,1296,investigation_note,INVESTIGATION NOTE. Case relates to claimant Cynthia Miller. Flagged for review due to unusual document upload pattern following identity change on 2025-03-14. Staff override recorded by Nathaniel Doyle. Supporting documents received by email attachment. Follow-up scheduled with the claims handler within 5 working days.,,0,0.78,MEDIUM
